project_name,task_name,source_datasets,target_datasets,location
datalake-cleansing,CarAgeTask,['manual.carAges'],['clean.carAges'],https://bitbucket.org/emea_cf/datalake-cleansing/src/master/datalake-cleansing-jobs/src/main/scala/com/goodyear/datalake/cleansing/current/jobs/external/aligneddistribution/carage/CarAgeTask.scala
datalake-cleansing,CatchmentMappingTask,[],['clean.catchmentMapping'],https://bitbucket.org/emea_cf/datalake-cleansing/src/master/datalake-cleansing-jobs/src/main/scala/com/goodyear/datalake/cleansing/current/jobs/external/aligneddistribution/catchmentmapping/CatchmentMappingTask.scala
datalake-cleansing,CatchmentMappingWebTask,[],['clean.catchmentMappingWeb'],https://bitbucket.org/emea_cf/datalake-cleansing/src/master/datalake-cleansing-jobs/src/main/scala/com/goodyear/datalake/cleansing/current/jobs/external/aligneddistribution/catchmentmapping/CatchmentMappingWebTask.scala
datalake-cleansing,ChannelMappingTask,['manual.channelMapping'],['clean.channelMapping'],https://bitbucket.org/emea_cf/datalake-cleansing/src/master/datalake-cleansing-jobs/src/main/scala/com/goodyear/datalake/cleansing/current/jobs/external/aligneddistribution/channelmapping/ChannelMappingTask.scala
datalake-cleansing,DriveTimeTask,['manual.driveTime'],['clean.driveTime'],https://bitbucket.org/emea_cf/datalake-cleansing/src/master/datalake-cleansing-jobs/src/main/scala/com/goodyear/datalake/cleansing/current/jobs/external/aligneddistribution/drivetime/DriveTimeTask.scala
datalake-cleansing,FleetTireParkTask,[],['clean.fleets.by2019.link'],https://bitbucket.org/emea_cf/datalake-cleansing/src/master/datalake-cleansing-jobs/src/main/scala/com/goodyear/datalake/cleansing/current/jobs/external/aligneddistribution/fleet/it/FleetTireParkTask.scala
datalake-cleansing,PayerMappingTask,[],['clean.payerMapping'],https://bitbucket.org/emea_cf/datalake-cleansing/src/master/datalake-cleansing-jobs/src/main/scala/com/goodyear/datalake/cleansing/current/jobs/external/aligneddistribution/fsdcustomermapping/PayerMappingTask.scala
datalake-cleansing,WzwPointsOfSaleTask,[],['clean.wzwPointsOfSale'],https://bitbucket.org/emea_cf/datalake-cleansing/src/master/datalake-cleansing-jobs/src/main/scala/com/goodyear/datalake/cleansing/current/jobs/external/aligneddistribution/germandealerpartner/WzwPointsOfSaleTask.scala
datalake-cleansing,ActivationNationalTask,['manual.activationNational'],"['clean.activationNational', 'clean.activationNationalRejected']",https://bitbucket.org/emea_cf/datalake-cleansing/src/master/datalake-cleansing-jobs/src/main/scala/com/goodyear/datalake/cleansing/current/jobs/external/aligneddistribution/pforp/activationarea/national/ActivationNationalTask.scala
datalake-cleansing,ActivationRegionalTask,['manual.activationRegional'],"['clean.activationRegional', 'clean.activationRegionalRejected']",https://bitbucket.org/emea_cf/datalake-cleansing/src/master/datalake-cleansing-jobs/src/main/scala/com/goodyear/datalake/cleansing/current/jobs/external/aligneddistribution/pforp/activationarea/regional/ActivationRegionalTask.scala
datalake-cleansing,EraCurrencyCoefficientTask,['manual.eraCoefficient'],"['clean.eraCoefficient', 'clean.eraCoefficientRejected']",https://bitbucket.org/emea_cf/datalake-cleansing/src/master/datalake-cleansing-jobs/src/main/scala/com/goodyear/datalake/cleansing/current/jobs/external/aligneddistribution/pforp/availability/coefficient/EraCurrencyCoefficientTask.scala
datalake-cleansing,RangeAvailabilityTask,['manual.rangeAvailability'],"['clean.rangeAvailability', 'clean.rangeAvailabilityRejected']",https://bitbucket.org/emea_cf/datalake-cleansing/src/master/datalake-cleansing-jobs/src/main/scala/com/goodyear/datalake/cleansing/current/jobs/external/aligneddistribution/pforp/availability/RangeAvailabilityTask.scala
datalake-cleansing,PaybackMassaTask,[],['clean.paybacksMassa'],https://bitbucket.org/emea_cf/datalake-cleansing/src/master/datalake-cleansing-jobs/src/main/scala/com/goodyear/datalake/cleansing/current/jobs/external/aligneddistribution/pforp/payback/massa/PaybackMassaTask.scala
datalake-cleansing,PopulationTask,[],['clean.population'],https://bitbucket.org/emea_cf/datalake-cleansing/src/master/datalake-cleansing-jobs/src/main/scala/com/goodyear/datalake/cleansing/current/jobs/external/aligneddistribution/population/PopulationTask.scala
datalake-cleansing,CooperationRenameTask,[],['clean.cooperationRenames'],https://bitbucket.org/emea_cf/datalake-cleansing/src/master/datalake-cleansing-jobs/src/main/scala/com/goodyear/datalake/cleansing/current/jobs/external/aligneddistribution/renaming/CooperationRenameTask.scala
datalake-cleansing,AdSellOutSubTask,[],[],https://bitbucket.org/emea_cf/datalake-cleansing/src/master/datalake-cleansing-jobs/src/main/scala/com/goodyear/datalake/cleansing/current/jobs/external/aligneddistribution/sellout/lizeo/AdSellOutSubTask.scala
datalake-cleansing,SellOutValidateTask,"['manual.adWhitelist', 'yearLinks.goodDate']","['yearLinks.goodDateAppend', 'yearLinks.blockers', 'yearLinks.blockers', 'yearLinks.goodDate']",https://bitbucket.org/emea_cf/datalake-cleansing/src/master/datalake-cleansing-jobs/src/main/scala/com/goodyear/datalake/cleansing/current/jobs/external/aligneddistribution/sellout/lizeo/validation/SellOutValidateTask.scala
datalake-cleansing,SellOutCurrentTask,['raw.adSellOut.year2021'],"['clean.adSellOut2021', 'clean.adSellOutRejected2021']",https://bitbucket.org/emea_cf/datalake-cleansing/src/master/datalake-cleansing-jobs/src/main/scala/com/goodyear/datalake/cleansing/current/jobs/external/aligneddistribution/sellout/lizeo/years/SellOutCurrentTask.scala
datalake-cleansing,SellOutHeritageTask,['yearLink.goodDate'],"['cleanLink', 'rejectedLink']",https://bitbucket.org/emea_cf/datalake-cleansing/src/master/datalake-cleansing-jobs/src/main/scala/com/goodyear/datalake/cleansing/current/jobs/external/aligneddistribution/sellout/lizeo/years/SellOutHeritageTask.scala
datalake-cleansing,SpaghettiChartByYearTask,[],['clean.spaghettiChartByYear'],https://bitbucket.org/emea_cf/datalake-cleansing/src/master/datalake-cleansing-jobs/src/main/scala/com/goodyear/datalake/cleansing/current/jobs/external/aligneddistribution/spaghettichartbyyear/SpaghettiChartByYearTask.scala
datalake-cleansing,AdInventoryTask,[],['clean.adInventory'],https://bitbucket.org/emea_cf/datalake-cleansing/src/master/datalake-cleansing-jobs/src/main/scala/com/goodyear/datalake/cleansing/current/jobs/external/aligneddistribution/stock/lizeo/AdInventoryTask.scala
datalake-cleansing,SubChannelByYearTask,[],['clean.subChannelsByYear'],https://bitbucket.org/emea_cf/datalake-cleansing/src/master/datalake-cleansing-jobs/src/main/scala/com/goodyear/datalake/cleansing/current/jobs/external/aligneddistribution/subchannelbyyear/SubChannelByYearTask.scala
datalake-cleansing,UploadDateTask,[],['clean.uploadDate'],https://bitbucket.org/emea_cf/datalake-cleansing/src/master/datalake-cleansing-jobs/src/main/scala/com/goodyear/datalake/cleansing/current/jobs/external/aligneddistribution/uploaddate/UploadDateTask.scala
datalake-cleansing,BeadbarCodeScanLogTask,['raw.beadbarCodeScanLog'],['clean.beadbarCodeScanLog'],https://bitbucket.org/emea_cf/datalake-cleansing/src/master/datalake-cleansing-jobs/src/main/scala/com/goodyear/datalake/cleansing/current/jobs/external/aws/beadbarcodescanlog/BeadbarCodeScanLogTask.scala
datalake-cleansing,IhsCpiTask,['manual.commercial.ihsCpi'],"['clean.commercial.ihsCpi', 'clean.commercial.ihsCpiRejected']",https://bitbucket.org/emea_cf/datalake-cleansing/src/master/datalake-cleansing-jobs/src/main/scala/com/goodyear/datalake/cleansing/current/jobs/external/commercial/ihs/IhsCpiTask.scala
datalake-cleansing,IhsGdpTask,['manual.commercial.ihsGdp'],"['clean.commercial.ihsGdp', 'clean.commercial.ihsGdpRejected']",https://bitbucket.org/emea_cf/datalake-cleansing/src/master/datalake-cleansing-jobs/src/main/scala/com/goodyear/datalake/cleansing/current/jobs/external/commercial/ihs/IhsGdpTask.scala
datalake-cleansing,IhsMeiTask,['manual.commercial.ihsMei'],"['clean.commercial.ihsMei', 'clean.commercial.ihsMeiRejected']",https://bitbucket.org/emea_cf/datalake-cleansing/src/master/datalake-cleansing-jobs/src/main/scala/com/goodyear/datalake/cleansing/current/jobs/external/commercial/ihs/IhsMeiTask.scala
datalake-cleansing,IhsPmiTask,['manual.commercial.ihsPmi'],"['clean.commercial.ihsPmi', 'clean.commercial.ihsPmiRejected']",https://bitbucket.org/emea_cf/datalake-cleansing/src/master/datalake-cleansing-jobs/src/main/scala/com/goodyear/datalake/cleansing/current/jobs/external/commercial/ihs/IhsPmiTask.scala
datalake-cleansing,IhsVehicleParcDensityTask,['manual.commercial.ihsVehicleParkDensity'],"['clean.commercial.ihsVehicleParkDensity', 'clean.commercial.ihsVehicleParkDensityRejected']",https://bitbucket.org/emea_cf/datalake-cleansing/src/master/datalake-cleansing-jobs/src/main/scala/com/goodyear/datalake/cleansing/current/jobs/external/commercial/ihs/IhsVehicleParcDensityTask.scala
datalake-cleansing,IhsVehicleParkTask,['manual.commercial.ihsVehiclePark'],"['clean.commercial.ihsVehiclePark', 'clean.commercial.ihsVehicleParkRejected']",https://bitbucket.org/emea_cf/datalake-cleansing/src/master/datalake-cleansing-jobs/src/main/scala/com/goodyear/datalake/cleansing/current/jobs/external/commercial/ihs/IhsVehicleParkTask.scala
datalake-cleansing,IhsVehicleProductionMonthlyTask,['manual.commercial.ihsVehicleProductionMonthly'],"['clean.commercial.ihsVehicleProductionMonthly', 'clean.commercial.ihsVehicleProductionMonthlyRejected']",https://bitbucket.org/emea_cf/datalake-cleansing/src/master/datalake-cleansing-jobs/src/main/scala/com/goodyear/datalake/cleansing/current/jobs/external/commercial/ihs/IhsVehicleProductionMonthlyTask.scala
datalake-cleansing,IhsVehicleProductionQuarterlyTask,['manual.commercial.ihsVehicleProductionQuarterly'],"['clean.commercial.ihsVehicleProductionQuarterly', 'clean.commercial.ihsVehicleProductionQuarterlyRejected']",https://bitbucket.org/emea_cf/datalake-cleansing/src/master/datalake-cleansing-jobs/src/main/scala/com/goodyear/datalake/cleansing/current/jobs/external/commercial/ihs/IhsVehicleProductionQuarterlyTask.scala
datalake-cleansing,IhsVehicleSalesMonthlyTask,['manual.commercial.ihsVehicleSalesMonthly'],"['clean.commercial.ihsVehicleSalesMonthly', 'clean.commercial.ihsVehicleSalesMonthlyRejected']",https://bitbucket.org/emea_cf/datalake-cleansing/src/master/datalake-cleansing-jobs/src/main/scala/com/goodyear/datalake/cleansing/current/jobs/external/commercial/ihs/IhsVehicleSalesMonthlyTask.scala
datalake-cleansing,IhsVehicleSalesYearlyTask,['manual.commercial.ihsVehicleSalesYearly'],"['clean.commercial.ihsVehicleSalesYearly', 'clean.commercial.ihsVehicleSalesYearlyRejected']",https://bitbucket.org/emea_cf/datalake-cleansing/src/master/datalake-cleansing-jobs/src/main/scala/com/goodyear/datalake/cleansing/current/jobs/external/commercial/ihs/IhsVehicleSalesYearlyTask.scala
datalake-cleansing,RoadFreightIndicatorsTask,['raw.commercial.inrixRoadFreightIndicators'],"['clean.commercial.inrixRoadFreightIndicators', 'clean.commercial.inrixRoadFreightIndicatorsRejected']",https://bitbucket.org/emea_cf/datalake-cleansing/src/master/datalake-cleansing-jobs/src/main/scala/com/goodyear/datalake/cleansing/current/jobs/external/commercial/inrix/RoadFreightIndicatorsTask.scala
datalake-cleansing,CommercialSellOutTask,['raw.commercial.sellOut'],"['clean.commercial.sellOut', 'clean.commercial.sellOutRejected']",https://bitbucket.org/emea_cf/datalake-cleansing/src/master/datalake-cleansing-jobs/src/main/scala/com/goodyear/datalake/cleansing/current/jobs/external/commercial/sellout/CommercialSellOutTask.scala
datalake-cleansing,ClearTrailerParcTask,['raw.commercial.clearTrailerParc'],"['clean.commercial.clearTrailerParc', 'clean.commercial.clearTrailerParcRejected']",https://bitbucket.org/emea_cf/datalake-cleansing/src/master/datalake-cleansing-jobs/src/main/scala/com/goodyear/datalake/cleansing/current/jobs/external/commercial/trailer/ClearTrailerParcTask.scala
datalake-cleansing,ClearTrailerProductionTask,['raw.commercial.clearTrailerProduction'],"['clean.commercial.clearTrailerProduction', 'clean.commercial.clearTrailerProductionRejected']",https://bitbucket.org/emea_cf/datalake-cleansing/src/master/datalake-cleansing-jobs/src/main/scala/com/goodyear/datalake/cleansing/current/jobs/external/commercial/trailer/ClearTrailerProductionTask.scala
datalake-cleansing,TireReplacementTask,['manual.commercial.tireReplacement'],"['clean.commercial.tireReplacement', 'clean.commercial.tireReplacementRejected']",https://bitbucket.org/emea_cf/datalake-cleansing/src/master/datalake-cleansing-jobs/src/main/scala/com/goodyear/datalake/cleansing/current/jobs/external/commercial/vehiclepark/TireReplacementTask.scala
datalake-cleansing,VehicleParkTask,['manual.commercial.vehiclePark'],"['clean.commercial.vehiclePark', 'clean.commercial.vehicleParkRejected']",https://bitbucket.org/emea_cf/datalake-cleansing/src/master/datalake-cleansing-jobs/src/main/scala/com/goodyear/datalake/cleansing/current/jobs/external/commercial/vehiclepark/VehicleParkTask.scala
datalake-cleansing,TheoricalReplacementCoefficientTask,[],"['clean.gammaOne', 'clean.gammaTwo']",https://bitbucket.org/emea_cf/datalake-cleansing/src/master/datalake-cleansing-jobs/src/main/scala/com/goodyear/datalake/cleansing/current/jobs/external/datascience/gamma/TheoricalReplacementCoefficientTask.scala
datalake-cleansing,IhsConsumptionTask,[],['clean.ihsConsumption'],https://bitbucket.org/emea_cf/datalake-cleansing/src/master/datalake-cleansing-jobs/src/main/scala/com/goodyear/datalake/cleansing/current/jobs/external/datascience/ihs/consumption/IhsConsumptionTask.scala
datalake-cleansing,OfficialBusinessTask,['manual.officialBusiness'],['clean.officialBusiness'],https://bitbucket.org/emea_cf/datalake-cleansing/src/master/datalake-cleansing-jobs/src/main/scala/com/goodyear/datalake/cleansing/current/jobs/external/datascience/official/business/OfficialBusinessTask.scala
datalake-cleansing,ExtraPool2019Task,[],['clean.extraPool2019'],https://bitbucket.org/emea_cf/datalake-cleansing/src/master/datalake-cleansing-jobs/src/main/scala/com/goodyear/datalake/cleansing/current/jobs/external/datascience/official/extrapool/ExtraPool2019Task.scala
datalake-cleansing,ExtraPoolMultiTask,[],['clean.extraPoolTill2018'],https://bitbucket.org/emea_cf/datalake-cleansing/src/master/datalake-cleansing-jobs/src/main/scala/com/goodyear/datalake/cleansing/current/jobs/external/datascience/official/extrapool/ExtraPoolMultiTask.scala
datalake-cleansing,OfficialLmcTask,['manual.officialLmc'],['clean.officialLmc'],https://bitbucket.org/emea_cf/datalake-cleansing/src/master/datalake-cleansing-jobs/src/main/scala/com/goodyear/datalake/cleansing/current/jobs/external/datascience/official/lmc/OfficialLmcTask.scala
datalake-cleansing,OfficialMarketFigureTask,[],['clean.officials'],https://bitbucket.org/emea_cf/datalake-cleansing/src/master/datalake-cleansing-jobs/src/main/scala/com/goodyear/datalake/cleansing/current/jobs/external/datascience/official/marketfigure/OfficialMarketFigureTask.scala
datalake-cleansing,CleansingBeDemographicsTask,['manual.beDemographics'],['clean.beDemographics'],https://bitbucket.org/emea_cf/datalake-cleansing/src/master/datalake-cleansing-jobs/src/main/scala/com/goodyear/datalake/cleansing/current/jobs/external/demographics/experian/be/CleansingBeDemographicsTask.scala
datalake-cleansing,CleansingChannelTask,['manual.channelDemographics'],['clean.channelDemographics'],https://bitbucket.org/emea_cf/datalake-cleansing/src/master/datalake-cleansing-jobs/src/main/scala/com/goodyear/datalake/cleansing/current/jobs/external/demographics/experian/channel/CleansingChannelTask.scala
datalake-cleansing,CleansingDEDemographicsTask,['manual.deDemographics'],"['clean.deDemographics', 'clean.deDemographicsRejected']",https://bitbucket.org/emea_cf/datalake-cleansing/src/master/datalake-cleansing-jobs/src/main/scala/com/goodyear/datalake/cleansing/current/jobs/external/demographics/experian/de/CleansingDEDemographicsTask.scala
datalake-cleansing,CleansingESDemographicsTask,['manual.esDemographics'],"['clean.esDemographics', 'clean.esDemographicsRejected']",https://bitbucket.org/emea_cf/datalake-cleansing/src/master/datalake-cleansing-jobs/src/main/scala/com/goodyear/datalake/cleansing/current/jobs/external/demographics/experian/es/CleansingESDemographicsTask.scala
datalake-cleansing,CleansingFRDemographicsTask,['manual.frDemographics'],"['clean.frDemographics', 'clean.frDemographicsRejected']",https://bitbucket.org/emea_cf/datalake-cleansing/src/master/datalake-cleansing-jobs/src/main/scala/com/goodyear/datalake/cleansing/current/jobs/external/demographics/experian/fr/CleansingFRDemographicsTask.scala
datalake-cleansing,CleansingItDemographicsTask,['manual.itDemographics'],['clean.itDemographics'],https://bitbucket.org/emea_cf/datalake-cleansing/src/master/datalake-cleansing-jobs/src/main/scala/com/goodyear/datalake/cleansing/current/jobs/external/demographics/experian/it/CleansingItDemographicsTask.scala
datalake-cleansing,CleansingMosaicTask,['manual.mosaic'],['clean.mosaic'],https://bitbucket.org/emea_cf/datalake-cleansing/src/master/datalake-cleansing-jobs/src/main/scala/com/goodyear/datalake/cleansing/current/jobs/external/demographics/experian/mosaic/CleansingMosaicTask.scala
datalake-cleansing,CleansingNLDemographicsTask,['manual.nlDemographics'],"['clean.nlDemographics', 'clean.nlDemographicsRejected']",https://bitbucket.org/emea_cf/datalake-cleansing/src/master/datalake-cleansing-jobs/src/main/scala/com/goodyear/datalake/cleansing/current/jobs/external/demographics/experian/nl/CleansingNLDemographicsTask.scala
datalake-cleansing,PlDemographicsTask,[],['clean.plDemographics'],https://bitbucket.org/emea_cf/datalake-cleansing/src/master/datalake-cleansing-jobs/src/main/scala/com/goodyear/datalake/cleansing/current/jobs/external/demographics/experian/pl/PlDemographicsTask.scala
datalake-cleansing,PtDemographicsTask,['manual.ptDemographics'],['clean.ptDemographics'],https://bitbucket.org/emea_cf/datalake-cleansing/src/master/datalake-cleansing-jobs/src/main/scala/com/goodyear/datalake/cleansing/current/jobs/external/demographics/experian/pt/PtDemographicsTask.scala
datalake-cleansing,CleansingUKDemographicsTask,['manual.ukDemographics'],['clean.ukDemographics'],https://bitbucket.org/emea_cf/datalake-cleansing/src/master/datalake-cleansing-jobs/src/main/scala/com/goodyear/datalake/cleansing/current/jobs/external/demographics/experian/uk/CleansingUKDemographicsTask.scala
datalake-cleansing,CentroidTask,[],['clean.centroids'],https://bitbucket.org/emea_cf/datalake-cleansing/src/master/datalake-cleansing-jobs/src/main/scala/com/goodyear/datalake/cleansing/current/jobs/external/geographics/centroids/CentroidTask.scala
datalake-cleansing,CleansingCustomerLocationGeoDataTask,['raw.customerLocationGeoData'],['clean.customerLocationGeoData'],https://bitbucket.org/emea_cf/datalake-cleansing/src/master/datalake-cleansing-jobs/src/main/scala/com/goodyear/datalake/cleansing/current/jobs/external/geographics/geolocation/customerlocationgeodata/CleansingCustomerLocationGeoDataTask.scala
datalake-cleansing,CleansingPostalCodeHierarchyTask,['manual.postalCodeHierarchy'],['clean.postalCodeHierarchy'],https://bitbucket.org/emea_cf/datalake-cleansing/src/master/datalake-cleansing-jobs/src/main/scala/com/goodyear/datalake/cleansing/current/jobs/external/geographics/gfk/CleansingPostalCodeHierarchyTask.scala
datalake-cleansing,CleansingNutsConversionTask,['manual.NUTSConversion'],['clean.NUTSConversion'],https://bitbucket.org/emea_cf/datalake-cleansing/src/master/datalake-cleansing-jobs/src/main/scala/com/goodyear/datalake/cleansing/current/jobs/external/geographics/nuts/conversion/CleansingNutsConversionTask.scala
datalake-cleansing,CleansingNutsTask,['manual.NUTS'],['clean.NUTS'],https://bitbucket.org/emea_cf/datalake-cleansing/src/master/datalake-cleansing-jobs/src/main/scala/com/goodyear/datalake/cleansing/current/jobs/external/geographics/nuts/nuts/CleansingNutsTask.scala
datalake-cleansing,AbhPointOfSaleTask,['manual.abhPointsOfSale'],['clean.abhPointsOfSale'],https://bitbucket.org/emea_cf/datalake-cleansing/src/master/datalake-cleansing-jobs/src/main/scala/com/goodyear/datalake/cleansing/current/jobs/external/geographics/pos/abh/AbhPointOfSaleTask.scala
datalake-cleansing,CleansingAutoViewPostCodeConversionTask,['manual.autoviewPostCodeConversion'],['clean.autoviewPostCodeConversion'],https://bitbucket.org/emea_cf/datalake-cleansing/src/master/datalake-cleansing-jobs/src/main/scala/com/goodyear/datalake/cleansing/current/jobs/external/geographics/postcodes/autoview/es/CleansingAutoViewPostCodeConversionTask.scala
datalake-cleansing,CleansingPolishPostCodeConversionTask,['manual.polishPostCodeConversion'],['clean.polishPostCodeConversion'],https://bitbucket.org/emea_cf/datalake-cleansing/src/master/datalake-cleansing-jobs/src/main/scala/com/goodyear/datalake/cleansing/current/jobs/external/geographics/postcodes/autoview/pl/CleansingPolishPostCodeConversionTask.scala
datalake-cleansing,CleansingBAGeostructureConversionTask,['manual.geostructureBAConversion'],['clean.geostructureBAConversion'],https://bitbucket.org/emea_cf/datalake-cleansing/src/master/datalake-cleansing-jobs/src/main/scala/com/goodyear/datalake/cleansing/current/jobs/external/geographics/postcodes/geostructure/ba/CleansingBAGeostructureConversionTask.scala
datalake-cleansing,CleansingHRGeostructureConversionTask,['manual.geostructureHRConversion'],['clean.geostructureHRConversion'],https://bitbucket.org/emea_cf/datalake-cleansing/src/master/datalake-cleansing-jobs/src/main/scala/com/goodyear/datalake/cleansing/current/jobs/external/geographics/postcodes/geostructure/hr/CleansingHRGeostructureConversionTask.scala
datalake-cleansing,CleansingLTGeostructureConversionTask,['manual.geostructureLTConversion'],['clean.geostructureLTConversion'],https://bitbucket.org/emea_cf/datalake-cleansing/src/master/datalake-cleansing-jobs/src/main/scala/com/goodyear/datalake/cleansing/current/jobs/external/geographics/postcodes/geostructure/lt/CleansingLTGeostructureConversionTask.scala
datalake-cleansing,CleansingLVGeostructureConversionTask,['manual.geostructureLVConversion'],['clean.geostructureLVConversion'],https://bitbucket.org/emea_cf/datalake-cleansing/src/master/datalake-cleansing-jobs/src/main/scala/com/goodyear/datalake/cleansing/current/jobs/external/geographics/postcodes/geostructure/lv/CleansingLVGeostructureConversionTask.scala
datalake-cleansing,CleansingRSGeostructureConversionTask,['manual.geostructureRSConversion'],['clean.geostructureRSConversion'],https://bitbucket.org/emea_cf/datalake-cleansing/src/master/datalake-cleansing-jobs/src/main/scala/com/goodyear/datalake/cleansing/current/jobs/external/geographics/postcodes/geostructure/rs/CleansingRSGeostructureConversionTask.scala
datalake-cleansing,CleansingSIGeostructureConversionTask,['manual.geostructureSIConversion'],['clean.geostructureSIConversion'],https://bitbucket.org/emea_cf/datalake-cleansing/src/master/datalake-cleansing-jobs/src/main/scala/com/goodyear/datalake/cleansing/current/jobs/external/geographics/postcodes/geostructure/si/CleansingSIGeostructureConversionTask.scala
datalake-cleansing,CleansingSKGeostructureConversionTask,[],['clean.geostructureSKConversion'],https://bitbucket.org/emea_cf/datalake-cleansing/src/master/datalake-cleansing-jobs/src/main/scala/com/goodyear/datalake/cleansing/current/jobs/external/geographics/postcodes/geostructure/sk/CleansingSKGeostructureConversionTask.scala
datalake-cleansing,HereLocationsTask,['raw.hereLocations'],['clean.hereLocations'],https://bitbucket.org/emea_cf/datalake-cleansing/src/master/datalake-cleansing-jobs/src/main/scala/com/goodyear/datalake/cleansing/current/jobs/external/geographics/postcodes/here/HereLocationsTask.scala
datalake-cleansing,HereMappingsTask,['raw.hereMapping'],['clean.hereMapping'],https://bitbucket.org/emea_cf/datalake-cleansing/src/master/datalake-cleansing-jobs/src/main/scala/com/goodyear/datalake/cleansing/current/jobs/external/geographics/postcodes/heremapping/HereMappingsTask.scala
datalake-cleansing,HereMappingsV2021Task,['raw.hereMappingV2021'],['clean.hereMappingV2021'],https://bitbucket.org/emea_cf/datalake-cleansing/src/master/datalake-cleansing-jobs/src/main/scala/com/goodyear/datalake/cleansing/current/jobs/external/geographics/postcodes/heremappingv2/HereMappingsV2021Task.scala
datalake-cleansing,TableauGeoCodeTask,[],['clean.tableauPostcodes'],https://bitbucket.org/emea_cf/datalake-cleansing/src/master/datalake-cleansing-jobs/src/main/scala/com/goodyear/datalake/cleansing/current/jobs/external/geographics/postcodes/tableau/TableauGeoCodeTask.scala
datalake-cleansing,CleansingGfkTask,['raw.gfkPricing'],['clean.gfkPricing'],https://bitbucket.org/emea_cf/datalake-cleansing/src/master/datalake-cleansing-jobs/src/main/scala/com/goodyear/datalake/cleansing/current/jobs/external/pricing/gfk/CleansingGfkTask.scala
datalake-cleansing,CleansingKnowtrexAllegroTask,['raw.knowtrexAllegro'],['clean.knowtrexAllegro'],https://bitbucket.org/emea_cf/datalake-cleansing/src/master/datalake-cleansing-jobs/src/main/scala/com/goodyear/datalake/cleansing/current/jobs/external/pricing/knowtrex/b2c/allegro/CleansingKnowtrexAllegroTask.scala
datalake-cleansing,CleansingKnowtrexEMMasterDataTask,['raw.knowtrexEMMasterData'],['clean.knowtrexEMMasterData'],https://bitbucket.org/emea_cf/datalake-cleansing/src/master/datalake-cleansing-jobs/src/main/scala/com/goodyear/datalake/cleansing/current/jobs/external/pricing/knowtrex/b2c/emmasterdata/CleansingKnowtrexEMMasterDataTask.scala
datalake-cleansing,CleansingKnowtrexEMSinglePlatformTask,['raw.knowtrexEMSinglePlatform'],['clean.knowtrexEMSinglePlatform'],https://bitbucket.org/emea_cf/datalake-cleansing/src/master/datalake-cleansing-jobs/src/main/scala/com/goodyear/datalake/cleansing/current/jobs/external/pricing/knowtrex/b2c/emsingleplatform/CleansingKnowtrexEMSinglePlatformTask.scala
datalake-cleansing,CleansingKnowtrexLikeForLikeMatchingTask,['raw.knowtrexLikeForLikeMatching'],['clean.knowtrexLikeForLikeMatching'],https://bitbucket.org/emea_cf/datalake-cleansing/src/master/datalake-cleansing-jobs/src/main/scala/com/goodyear/datalake/cleansing/current/jobs/external/pricing/knowtrex/b2c/likeforlikematching/CleansingKnowtrexLikeForLikeMatchingTask.scala
datalake-cleansing,CleansingKnowtrexMarketPlatformTask,['raw.knowtrexMarketPlatform'],['clean.knowtrexMarketPlatform'],https://bitbucket.org/emea_cf/datalake-cleansing/src/master/datalake-cleansing-jobs/src/main/scala/com/goodyear/datalake/cleansing/current/jobs/external/pricing/knowtrex/b2c/marketplatform/CleansingKnowtrexMarketPlatformTask.scala
datalake-cleansing,CleansingKnowtrexMarketPlatformV2Task,['raw.knowtrexMarketPlatformV2'],['clean.knowtrexMarketPlatformV2'],https://bitbucket.org/emea_cf/datalake-cleansing/src/master/datalake-cleansing-jobs/src/main/scala/com/goodyear/datalake/cleansing/current/jobs/external/pricing/knowtrex/b2c/marketplatformv2/CleansingKnowtrexMarketPlatformV2Task.scala
datalake-cleansing,CleansingKnowtrexMasterDataTask,['raw.knowtrexMasterData'],['clean.knowtrexMasterData'],https://bitbucket.org/emea_cf/datalake-cleansing/src/master/datalake-cleansing-jobs/src/main/scala/com/goodyear/datalake/cleansing/current/jobs/external/pricing/knowtrex/b2c/masterdata/CleansingKnowtrexMasterDataTask.scala
datalake-cleansing,CleansingKnowtrexSinglePlatformTask,['raw.knowtrexSinglePlatform'],['clean.knowtrexSinglePlatform'],https://bitbucket.org/emea_cf/datalake-cleansing/src/master/datalake-cleansing-jobs/src/main/scala/com/goodyear/datalake/cleansing/current/jobs/external/pricing/knowtrex/b2c/singleplatform/CleansingKnowtrexSinglePlatformTask.scala
datalake-cleansing,CleansingKnowtrexSinglePlatformV2Task,['raw.knowtrexSinglePlatformV2'],['clean.knowtrexSinglePlatformV2'],https://bitbucket.org/emea_cf/datalake-cleansing/src/master/datalake-cleansing-jobs/src/main/scala/com/goodyear/datalake/cleansing/current/jobs/external/pricing/knowtrex/b2c/singleplatformv2/CleansingKnowtrexSinglePlatformV2Task.scala
datalake-cleansing,CleansingKnowtrexDailyTask,['raw.knowtrexDailyPricing'],['clean.knowtrexDailyPricing'],https://bitbucket.org/emea_cf/datalake-cleansing/src/master/datalake-cleansing-jobs/src/main/scala/com/goodyear/datalake/cleansing/current/jobs/external/pricing/knowtrex/daily/CleansingKnowtrexDailyTask.scala
datalake-cleansing,CleansingLizeoMonthlyTask,['raw.lizeoMonthlyPricing'],['clean.lizeoMonthlyPricing'],https://bitbucket.org/emea_cf/datalake-cleansing/src/master/datalake-cleansing-jobs/src/main/scala/com/goodyear/datalake/cleansing/current/jobs/external/pricing/lizeo/monthly/CleansingLizeoMonthlyTask.scala
datalake-cleansing,CleansingLizeoWeeklyTask,['raw.lizeoWeeklyPricing'],['clean.lizeoWeeklyPricing'],https://bitbucket.org/emea_cf/datalake-cleansing/src/master/datalake-cleansing-jobs/src/main/scala/com/goodyear/datalake/cleansing/current/jobs/external/pricing/lizeo/weekly/CleansingLizeoWeeklyTask.scala
datalake-cleansing,CleansingPlatformaOponTask,['raw.platformaOpon'],['clean.platformaOpon'],https://bitbucket.org/emea_cf/datalake-cleansing/src/master/datalake-cleansing-jobs/src/main/scala/com/goodyear/datalake/cleansing/current/jobs/external/pricing/platformaopon/CleansingPlatformaOponTask.scala
datalake-cleansing,Pneub2bTask,['raw.pneub2b'],['clean.pneub2b'],https://bitbucket.org/emea_cf/datalake-cleansing/src/master/datalake-cleansing-jobs/src/main/scala/com/goodyear/datalake/cleansing/current/jobs/external/pricing/pneub2b/Pneub2bTask.scala
datalake-cleansing,CleansingSellinTask,['manual.sellinPricing'],['clean.sellinPricing'],https://bitbucket.org/emea_cf/datalake-cleansing/src/master/datalake-cleansing-jobs/src/main/scala/com/goodyear/datalake/cleansing/current/jobs/external/pricing/sellin/CleansingSellinTask.scala
datalake-cleansing,CleansingTire24DailyTask,['raw.tire24DailyPricing'],['clean.tire24DailyPricing'],https://bitbucket.org/emea_cf/datalake-cleansing/src/master/datalake-cleansing-jobs/src/main/scala/com/goodyear/datalake/cleansing/current/jobs/external/pricing/tire24/daily/CleansingTire24DailyTask.scala
datalake-cleansing,CleansingTireOnlineCommercialTask,['raw.tireOnlineCommercial'],['clean.tireOnlineCommercial'],https://bitbucket.org/emea_cf/datalake-cleansing/src/master/datalake-cleansing-jobs/src/main/scala/com/goodyear/datalake/cleansing/current/jobs/external/pricing/tireonline/commercial/CleansingTireOnlineCommercialTask.scala
datalake-cleansing,CleansingTireOnlineConsumerTask,['raw.tireOnlineConsumer'],['clean.tireOnlineConsumer'],https://bitbucket.org/emea_cf/datalake-cleansing/src/master/datalake-cleansing-jobs/src/main/scala/com/goodyear/datalake/cleansing/current/jobs/external/pricing/tireonline/consumer/CleansingTireOnlineConsumerTask.scala
datalake-cleansing,Cleansing07zrTask,['raw.zero7zrPricing'],['clean.zero7zrPricing'],https://bitbucket.org/emea_cf/datalake-cleansing/src/master/datalake-cleansing-jobs/src/main/scala/com/goodyear/datalake/cleansing/current/jobs/external/pricing/zero7zr/Cleansing07zrTask.scala
datalake-cleansing,CarLookupTask,['manual.carLookup'],['clean.carLookup'],https://bitbucket.org/emea_cf/datalake-cleansing/src/master/datalake-cleansing-jobs/src/main/scala/com/goodyear/datalake/cleansing/current/jobs/external/vehicledata/carlookup/CarLookupTask.scala
datalake-cleansing,CleansingABHCarParkTask,['v.raws'],"['v.cleans', 'v.dirtys']",https://bitbucket.org/emea_cf/datalake-cleansing/src/master/datalake-cleansing-jobs/src/main/scala/com/goodyear/datalake/cleansing/current/jobs/external/vehicledata/carpark/abh/CleansingABHCarParkTask.scala
datalake-cleansing,DenmarkCarParkTask,['manual.denmarkCarPark'],['clean.denmarkCarPark.by2019.link'],https://bitbucket.org/emea_cf/datalake-cleansing/src/master/datalake-cleansing-jobs/src/main/scala/com/goodyear/datalake/cleansing/current/jobs/external/vehicledata/carpark/denmark/DenmarkCarParkTask.scala
datalake-cleansing,CleansingExperianTirePark2018Task,['manual.experianTirePark.by2019'],"['clean.experianTirePark.by2019.link', 'clean.experianTirePark.by2019Rejected.link']",https://bitbucket.org/emea_cf/datalake-cleansing/src/master/datalake-cleansing-jobs/src/main/scala/com/goodyear/datalake/cleansing/current/jobs/external/vehicledata/carpark/experian/CleansingExperianTirePark2018Task.scala
datalake-cleansing,CleansingExperianTirePark2020Task,['manual.experianTirePark.by2020'],"['clean.experianTirePark.by2020.link', 'clean.experianTirePark.by2020Rejected.link']",https://bitbucket.org/emea_cf/datalake-cleansing/src/master/datalake-cleansing-jobs/src/main/scala/com/goodyear/datalake/cleansing/current/jobs/external/vehicledata/carpark/experian/CleansingExperianTirePark2020Task.scala
datalake-cleansing,FrenchCarParkTask,['manual.frenchCarPark.prd'],['clean.frenchCarPark.by2019.link'],https://bitbucket.org/emea_cf/datalake-cleansing/src/master/datalake-cleansing-jobs/src/main/scala/com/goodyear/datalake/cleansing/current/jobs/external/vehicledata/carpark/france/FrenchCarParkTask.scala
datalake-cleansing,CleansingGermanyTirePark2018Task,['manual.germanTirePark.by2019'],['clean.germanTirePark.by2019.link'],https://bitbucket.org/emea_cf/datalake-cleansing/src/master/datalake-cleansing-jobs/src/main/scala/com/goodyear/datalake/cleansing/current/jobs/external/vehicledata/carpark/germany/CleansingGermanyTirePark2018Task.scala
datalake-cleansing,CleansingGermanyTirePark2020Task,['manual.germanTirePark.by2020'],['clean.germanTirePark.by2020.link'],https://bitbucket.org/emea_cf/datalake-cleansing/src/master/datalake-cleansing-jobs/src/main/scala/com/goodyear/datalake/cleansing/current/jobs/external/vehicledata/carpark/germany/CleansingGermanyTirePark2020Task.scala
datalake-cleansing,CleansingTecAllianceCarPark2019Task,['manual.tecAllianceCarPark.by2019'],['clean.tecAllianceCarPark.by2019.link'],https://bitbucket.org/emea_cf/datalake-cleansing/src/master/datalake-cleansing-jobs/src/main/scala/com/goodyear/datalake/cleansing/current/jobs/external/vehicledata/carpark/tecalliance/year2019/CleansingTecAllianceCarPark2019Task.scala
datalake-cleansing,ExtrapolatedCarParkTask,['manual.extrapolatedCarPark'],['clean.extrapolatedCarPark'],https://bitbucket.org/emea_cf/datalake-cleansing/src/master/datalake-cleansing-jobs/src/main/scala/com/goodyear/datalake/cleansing/current/jobs/external/vehicledata/extrapolatedcarpark/ExtrapolatedCarParkTask.scala
datalake-cleansing,CleansingSkuPriorityTask,['manual.skuPriority'],"['clean.skuPriority', 'clean.skuPriorityRejected']",https://bitbucket.org/emea_cf/datalake-cleansing/src/master/datalake-cleansing-jobs/src/main/scala/com/goodyear/datalake/cleansing/current/jobs/external/vehicledata/skupriority/CleansingSkuPriorityTask.scala
datalake-cleansing,StrimFutureForecastTask,['manual.strimFutureForecast'],['clean.strimFutureForecast'],https://bitbucket.org/emea_cf/datalake-cleansing/src/master/datalake-cleansing-jobs/src/main/scala/com/goodyear/datalake/cleansing/current/jobs/external/vehicledata/strimfutureforecast/StrimFutureForecastTask.scala
datalake-cleansing,SurvivalRateTask,['manual.survivalRate'],['clean.survivalRate'],https://bitbucket.org/emea_cf/datalake-cleansing/src/master/datalake-cleansing-jobs/src/main/scala/com/goodyear/datalake/cleansing/current/jobs/external/vehicledata/survivalrate/SurvivalRateTask.scala
datalake-cleansing,VehicleFitmentV2021Task,['manual.vehicleFitmentV2021p02'],['clean.vehicleFitmentV2021'],https://bitbucket.org/emea_cf/datalake-cleansing/src/master/datalake-cleansing-jobs/src/main/scala/com/goodyear/datalake/cleansing/current/jobs/external/vehicledata/tirefitments/bmf/v2021p02/VehicleFitmentV2021Task.scala
datalake-cleansing,VehicleFitmentTask,['manual.vehicleFitment'],['clean.vehicleFitment'],https://bitbucket.org/emea_cf/datalake-cleansing/src/master/datalake-cleansing-jobs/src/main/scala/com/goodyear/datalake/cleansing/current/jobs/external/vehicledata/tirefitments/bmf/VehicleFitmentTask.scala
datalake-cleansing,BmfToTecDocMappingTask,['manual.bmfToTecDocMapping'],['clean.bmfToTecDocMapping'],https://bitbucket.org/emea_cf/datalake-cleansing/src/master/datalake-cleansing-jobs/src/main/scala/com/goodyear/datalake/cleansing/current/jobs/external/vehicledata/tirefitments/bmftotecdocmapping/BmfToTecDocMappingTask.scala
datalake-cleansing,TecAllianceFitmentTask,['rawLink'],['cleanLink'],https://bitbucket.org/emea_cf/datalake-cleansing/src/master/datalake-cleansing-jobs/src/main/scala/com/goodyear/datalake/cleansing/current/jobs/external/vehicledata/tirefitments/tecalliance/TecAllianceFitmentTask.scala
datalake-cleansing,CleansingTecAllianceUpstepTask,"['manual.tecAllianceUpstep2016', 'manual.tecAllianceUpstep2017', 'manual.tecAllianceUpstep2018', 'manual.tecAllianceUpstep2018']","['clean.tecAllianceUpstep2016', 'clean.tecAllianceUpstep2017', 'clean.tecAllianceUpstep2018', 'clean.tecAllianceUpstep2019']",https://bitbucket.org/emea_cf/datalake-cleansing/src/master/datalake-cleansing-jobs/src/main/scala/com/goodyear/datalake/cleansing/current/jobs/external/vehicledata/tirefitments/tecalliance/upstep/CleansingTecAllianceUpstepTask.scala
datalake-cleansing,CleansingUkTireReplacementCurvesTask,['manual.ukTireReplacementCurves'],['clean.ukTireReplacementCurves'],https://bitbucket.org/emea_cf/datalake-cleansing/src/master/datalake-cleansing-jobs/src/main/scala/com/goodyear/datalake/cleansing/current/jobs/external/vehicledata/tirereplacementcurves/CleansingUkTireReplacementCurvesTask.scala
datalake-cleansing,CleansingIhsSegmentsTask,['manual.ihsSegments'],['clean.ihsSegments'],https://bitbucket.org/emea_cf/datalake-cleansing/src/master/datalake-cleansing-jobs/src/main/scala/com/goodyear/datalake/cleansing/current/jobs/external/vehicledata/vehiclesegments/ihssegments/CleansingIhsSegmentsTask.scala
datalake-cleansing,IhsSegmentsTask,[],['clean.ihsSegments2021_01_05'],https://bitbucket.org/emea_cf/datalake-cleansing/src/master/datalake-cleansing-jobs/src/main/scala/com/goodyear/datalake/cleansing/current/jobs/external/vehicledata/vehiclesegments/ihssegments/v20210105/IhsSegmentsTask.scala
datalake-cleansing,CleansingVehicleSegmentConversionTask,['manual.segmentConversion'],['clean.segmentConversion'],https://bitbucket.org/emea_cf/datalake-cleansing/src/master/datalake-cleansing-jobs/src/main/scala/com/goodyear/datalake/cleansing/current/jobs/external/vehicledata/vehiclesegments/segmentconversion/CleansingVehicleSegmentConversionTask.scala
datalake-cleansing,VendavoTransactionsTask,['raw.vendavoTransactions'],['clean.vendavoTransactions'],https://bitbucket.org/emea_cf/datalake-cleansing/src/master/datalake-cleansing-jobs/src/main/scala/com/goodyear/datalake/cleansing/current/jobs/external/vendavotransactions/VendavoTransactionsTask.scala
datalake-cleansing,ActivationBrandTask,['raw.activationBrands'],['clean.activationBrands'],https://bitbucket.org/emea_cf/datalake-cleansing/src/master/datalake-cleansing-jobs/src/main/scala/com/goodyear/datalake/cleansing/current/jobs/internal/activations/brand/ActivationBrandTask.scala
datalake-cleansing,ActivationCampaignTask,[],['clean.activationCampaign'],https://bitbucket.org/emea_cf/datalake-cleansing/src/master/datalake-cleansing-jobs/src/main/scala/com/goodyear/datalake/cleansing/current/jobs/internal/activations/campaign/ActivationCampaignTask.scala
datalake-cleansing,ActivationCampaignsTask,['raw.activationCampaigns'],['clean.activationCampaigns'],https://bitbucket.org/emea_cf/datalake-cleansing/src/master/datalake-cleansing-jobs/src/main/scala/com/goodyear/datalake/cleansing/current/jobs/internal/activations/campaigns/ActivationCampaignsTask.scala
datalake-cleansing,ActivationCampaignTypeTask,['raw.activationCampaignType'],['clean.activationCampaignType'],https://bitbucket.org/emea_cf/datalake-cleansing/src/master/datalake-cleansing-jobs/src/main/scala/com/goodyear/datalake/cleansing/current/jobs/internal/activations/campaign_type/ActivationCampaignTypeTask.scala
datalake-cleansing,ActivationPosTask,['raw.activationPos'],['clean.activationPos'],https://bitbucket.org/emea_cf/datalake-cleansing/src/master/datalake-cleansing-jobs/src/main/scala/com/goodyear/datalake/cleansing/current/jobs/internal/activations/pos_activated/ActivationPosTask.scala
datalake-cleansing,ActivationRimTask,[],['clean.activationRims'],https://bitbucket.org/emea_cf/datalake-cleansing/src/master/datalake-cleansing-jobs/src/main/scala/com/goodyear/datalake/cleansing/current/jobs/internal/activations/rims/ActivationRimTask.scala
datalake-cleansing,ActivationSeasonTask,['raw.activationSeasons'],['clean.activationSeasons'],https://bitbucket.org/emea_cf/datalake-cleansing/src/master/datalake-cleansing-jobs/src/main/scala/com/goodyear/datalake/cleansing/current/jobs/internal/activations/seasons/ActivationSeasonTask.scala
datalake-cleansing,ActivationZipTask,['raw.activationZips'],['clean.activationZips'],https://bitbucket.org/emea_cf/datalake-cleansing/src/master/datalake-cleansing-jobs/src/main/scala/com/goodyear/datalake/cleansing/current/jobs/internal/activations/zip_activated/ActivationZipTask.scala
datalake-cleansing,EraCoefficientV2Task,[],['clean.eraCoefficientV2'],https://bitbucket.org/emea_cf/datalake-cleansing/src/master/datalake-cleansing-jobs/src/main/scala/com/goodyear/datalake/cleansing/current/jobs/internal/aldi/pforp/availability/coefficient/EraCoefficientV2Task.scala
datalake-cleansing,RangeAvailabilityV2Task,[],['clean.rangeAvailabilityV2'],https://bitbucket.org/emea_cf/datalake-cleansing/src/master/datalake-cleansing-jobs/src/main/scala/com/goodyear/datalake/cleansing/current/jobs/internal/aldi/pforp/availability/RangeAvailabilityV2Task.scala
datalake-cleansing,SizeClassificationTask,['manual.sizeClassification'],['clean.sizeClassification'],https://bitbucket.org/emea_cf/datalake-cleansing/src/master/datalake-cleansing-jobs/src/main/scala/com/goodyear/datalake/cleansing/current/jobs/internal/aldi/pforp/classification/SizeClassificationTask.scala
datalake-cleansing,SccAmountTask,['raw.sccAmounts'],['clean.sccAmounts'],https://bitbucket.org/emea_cf/datalake-cleansing/src/master/datalake-cleansing-jobs/src/main/scala/com/goodyear/datalake/cleansing/current/jobs/internal/aldi/pforp/scc/amounts/SccAmountTask.scala
datalake-cleansing,SccMonthTask,[],['clean.sccMonths'],https://bitbucket.org/emea_cf/datalake-cleansing/src/master/datalake-cleansing-jobs/src/main/scala/com/goodyear/datalake/cleansing/current/jobs/internal/aldi/pforp/scc/months/SccMonthTask.scala
datalake-cleansing,SalesBonusTask,[],['clean.salesBonuses'],https://bitbucket.org/emea_cf/datalake-cleansing/src/master/datalake-cleansing-jobs/src/main/scala/com/goodyear/datalake/cleansing/current/jobs/internal/c4c/salesmanbonus/SalesBonusTask.scala
datalake-cleansing,MRIForecastTask,['raw.commercial.mriForecast'],"['clean.commercial.mriTireForecast', 'clean.commercial.mriTireForecastRejected', 'clean.commercial.mriRetreadForecast', 'clean.commercial.mriRetreadForecastRejected']",https://bitbucket.org/emea_cf/datalake-cleansing/src/master/datalake-cleansing-jobs/src/main/scala/com/goodyear/datalake/cleansing/current/jobs/internal/commercial/mriforecast/MRIForecastTask.scala
datalake-cleansing,AdDistanceMatrixCacheTask,['raw.adDistanceMatrixCache'],['clean.adDistanceMatrixCache'],https://bitbucket.org/emea_cf/datalake-cleansing/src/master/datalake-cleansing-jobs/src/main/scala/com/goodyear/datalake/cleansing/current/jobs/internal/distancematrix/cache/aldi/AdDistanceMatrixCacheTask.scala
datalake-cleansing,DistanceMatrixCacheTask,['raw.distanceMatrixCache'],['clean.distanceMatrixCache'],https://bitbucket.org/emea_cf/datalake-cleansing/src/master/datalake-cleansing-jobs/src/main/scala/com/goodyear/datalake/cleansing/current/jobs/internal/distancematrix/cache/DistanceMatrixCacheTask.scala
datalake-cleansing,BeadbarCodeEventTask,['raw.beadbarCodeEvent'],['clean.beadbarCodeEvent'],https://bitbucket.org/emea_cf/datalake-cleansing/src/master/datalake-cleansing-jobs/src/main/scala/com/goodyear/datalake/cleansing/current/jobs/internal/edw/beadbarcodeevent/BeadbarCodeEventTask.scala
datalake-cleansing,CleansingCopaTask,['raw.copa'],['clean.copa'],https://bitbucket.org/emea_cf/datalake-cleansing/src/master/datalake-cleansing-jobs/src/main/scala/com/goodyear/datalake/cleansing/current/jobs/internal/edw/copa/CleansingCopaTask.scala
datalake-cleansing,CleansingCountryTask,['raw.country'],['clean.country'],https://bitbucket.org/emea_cf/datalake-cleansing/src/master/datalake-cleansing-jobs/src/main/scala/com/goodyear/datalake/cleansing/current/jobs/internal/edw/country/CleansingCountryTask.scala
datalake-cleansing,CleansingCountryExportMappingTask,['raw.countryExportMapping'],['clean.countryExportMapping'],https://bitbucket.org/emea_cf/datalake-cleansing/src/master/datalake-cleansing-jobs/src/main/scala/com/goodyear/datalake/cleansing/current/jobs/internal/edw/countryexportmapping/CleansingCountryExportMappingTask.scala
datalake-cleansing,CountryHierarchyTask,['raw.countryHierarchy'],['clean.countryHierarchy'],https://bitbucket.org/emea_cf/datalake-cleansing/src/master/datalake-cleansing-jobs/src/main/scala/com/goodyear/datalake/cleansing/current/jobs/internal/edw/countryhierarchy/CountryHierarchyTask.scala
datalake-cleansing,CustomerHierarchyTask,['raw.customerHierarchy'],['clean.customerHierarchy'],https://bitbucket.org/emea_cf/datalake-cleansing/src/master/datalake-cleansing-jobs/src/main/scala/com/goodyear/datalake/cleansing/current/jobs/internal/edw/customerhierarchy/CustomerHierarchyTask.scala
datalake-cleansing,CustomersTask,['raw.edwCustomers'],['clean.edwCustomers'],https://bitbucket.org/emea_cf/datalake-cleansing/src/master/datalake-cleansing-jobs/src/main/scala/com/goodyear/datalake/cleansing/current/jobs/internal/edw/customers/CustomersTask.scala
datalake-cleansing,CleansingDemandPlanningTask,['raw.edwDemandPlanning'],['clean.edwDemandPlanning'],https://bitbucket.org/emea_cf/datalake-cleansing/src/master/datalake-cleansing-jobs/src/main/scala/com/goodyear/datalake/cleansing/current/jobs/internal/edw/demandplanning/CleansingDemandPlanningTask.scala
datalake-cleansing,CleansingEuropoolBrandTask,['raw.EDWEuropoolBrand'],['clean.EDWEuropoolBrand'],https://bitbucket.org/emea_cf/datalake-cleansing/src/master/datalake-cleansing-jobs/src/main/scala/com/goodyear/datalake/cleansing/current/jobs/internal/edw/europool/brand/CleansingEuropoolBrandTask.scala
datalake-cleansing,CleansingEuropoolPotentialsTask,['raw.EDWEuropoolPotentials'],['clean.EDWEuropoolPotentials'],https://bitbucket.org/emea_cf/datalake-cleansing/src/master/datalake-cleansing-jobs/src/main/scala/com/goodyear/datalake/cleansing/current/jobs/internal/edw/europool/potentials/CleansingEuropoolPotentialsTask.scala
datalake-cleansing,CleansingEuropoolSalesTask,['raw.EDWEuropoolSales'],['clean.EDWEuropoolSales'],https://bitbucket.org/emea_cf/datalake-cleansing/src/master/datalake-cleansing-jobs/src/main/scala/com/goodyear/datalake/cleansing/current/jobs/internal/edw/europool/sales/CleansingEuropoolSalesTask.scala
datalake-cleansing,CleansingEuropoolSegmentR3Task,['raw.EDWEuropoolSegmentR3'],['clean.EDWEuropoolSegmentR3'],https://bitbucket.org/emea_cf/datalake-cleansing/src/master/datalake-cleansing-jobs/src/main/scala/com/goodyear/datalake/cleansing/current/jobs/internal/edw/europool/segmentR3/CleansingEuropoolSegmentR3Task.scala
datalake-cleansing,CleansingExchangeRatesTask,['raw.edwExchangeRates'],['clean.edwExchangeRates'],https://bitbucket.org/emea_cf/datalake-cleansing/src/master/datalake-cleansing-jobs/src/main/scala/com/goodyear/datalake/cleansing/current/jobs/internal/edw/exchangerates/CleansingExchangeRatesTask.scala
datalake-cleansing,CleansingFloorPriceTask,['raw.floorPrice'],['clean.floorPrice'],https://bitbucket.org/emea_cf/datalake-cleansing/src/master/datalake-cleansing-jobs/src/main/scala/com/goodyear/datalake/cleansing/current/jobs/internal/edw/floorprice/CleansingFloorPriceTask.scala
datalake-cleansing,InventoryTask,[],['clean.inventory'],https://bitbucket.org/emea_cf/datalake-cleansing/src/master/datalake-cleansing-jobs/src/main/scala/com/goodyear/datalake/cleansing/current/jobs/internal/edw/inventory/InventoryTask.scala
datalake-cleansing,CleansingMaterialClassificationTask,['raw.marketshareMaterialClassification'],['clean.marketshareMaterialClassification'],https://bitbucket.org/emea_cf/datalake-cleansing/src/master/datalake-cleansing-jobs/src/main/scala/com/goodyear/datalake/cleansing/current/jobs/internal/edw/marketshare/materialclassification/CleansingMaterialClassificationTask.scala
datalake-cleansing,CleansingSizeTypeMartTask,['raw.marketshareSizeTypeMart'],['clean.marketshareSizeTypeMart'],https://bitbucket.org/emea_cf/datalake-cleansing/src/master/datalake-cleansing-jobs/src/main/scala/com/goodyear/datalake/cleansing/current/jobs/internal/edw/marketshare/sizetypemart/CleansingSizeTypeMartTask.scala
datalake-cleansing,CleansingMaterialTask,[],[],https://bitbucket.org/emea_cf/datalake-cleansing/src/master/datalake-cleansing-jobs/src/main/scala/com/goodyear/datalake/cleansing/current/jobs/internal/edw/material/CleansingMaterialTask.scala
datalake-cleansing,MaterialPredecessorTask,[],['clean.materialPredecessor'],https://bitbucket.org/emea_cf/datalake-cleansing/src/master/datalake-cleansing-jobs/src/main/scala/com/goodyear/datalake/cleansing/current/jobs/internal/edw/materialpredecessor/MaterialPredecessorTask.scala
datalake-cleansing,CleansingMaterialSalesOrgTask,['raw.edwMaterialSales'],['clean.edwMaterialSales'],https://bitbucket.org/emea_cf/datalake-cleansing/src/master/datalake-cleansing-jobs/src/main/scala/com/goodyear/datalake/cleansing/current/jobs/internal/edw/materialsalesorg/CleansingMaterialSalesOrgTask.scala
datalake-cleansing,NetSalesTask,['raw.netSales'],['clean.netSales'],https://bitbucket.org/emea_cf/datalake-cleansing/src/master/datalake-cleansing-jobs/src/main/scala/com/goodyear/datalake/cleansing/current/jobs/internal/edw/netsales/NetSalesTask.scala
datalake-cleansing,CleansingOrderToCashMartTask,['raw.orderToCashMart'],['clean.orderToCashMart'],https://bitbucket.org/emea_cf/datalake-cleansing/src/master/datalake-cleansing-jobs/src/main/scala/com/goodyear/datalake/cleansing/current/jobs/internal/edw/otcmart/CleansingOrderToCashMartTask.scala
datalake-cleansing,PayerShipToLinkTask,['raw.payerShipToLink'],['clean.payerShipToLink'],https://bitbucket.org/emea_cf/datalake-cleansing/src/master/datalake-cleansing-jobs/src/main/scala/com/goodyear/datalake/cleansing/current/jobs/internal/edw/payershiptolink/PayerShipToLinkTask.scala
datalake-cleansing,RetailInventoryTask,[],['clean.retailInventory'],https://bitbucket.org/emea_cf/datalake-cleansing/src/master/datalake-cleansing-jobs/src/main/scala/com/goodyear/datalake/cleansing/current/jobs/internal/edw/retail/inventory/RetailInventoryTask.scala
datalake-cleansing,RetailLocalProductMasterTask,[],['clean.retailLocalProductMaster'],https://bitbucket.org/emea_cf/datalake-cleansing/src/master/datalake-cleansing-jobs/src/main/scala/com/goodyear/datalake/cleansing/current/jobs/internal/edw/retail/localproductmaster/RetailLocalProductMasterTask.scala
datalake-cleansing,RetailSellOutTask,[],['clean.retailSellOut'],https://bitbucket.org/emea_cf/datalake-cleansing/src/master/datalake-cleansing-jobs/src/main/scala/com/goodyear/datalake/cleansing/current/jobs/internal/edw/retail/sellout/RetailSellOutTask.scala
datalake-cleansing,SellInTask,['raw.sellIn'],['clean.sellIn'],https://bitbucket.org/emea_cf/datalake-cleansing/src/master/datalake-cleansing-jobs/src/main/scala/com/goodyear/datalake/cleansing/current/jobs/internal/edw/sellin/SellInTask.scala
datalake-cleansing,WholeSaleIntegrationTask,[],['clean.wholeSaleIntegration'],https://bitbucket.org/emea_cf/datalake-cleansing/src/master/datalake-cleansing-jobs/src/main/scala/com/goodyear/datalake/cleansing/current/jobs/internal/edw/wsiorders/WholeSaleIntegrationTask.scala
datalake-cleansing,ActivePricingProductsTask,['manual.activePricingProducts'],['clean.activePricingProducts'],https://bitbucket.org/emea_cf/datalake-cleansing/src/master/datalake-cleansing-jobs/src/main/scala/com/goodyear/datalake/cleansing/current/jobs/internal/manual/activepricingproducts/ActivePricingProductsTask.scala
datalake-cleansing,BrandToTierMappingTask,['manual.brandToTierMapping'],['clean.brandToTierMapping'],https://bitbucket.org/emea_cf/datalake-cleansing/src/master/datalake-cleansing-jobs/src/main/scala/com/goodyear/datalake/cleansing/current/jobs/internal/manual/brandtotiermapping/BrandToTierMappingTask.scala
datalake-cleansing,CleansingDesignPriorityTask,['manual.designPriority'],['clean.designPriority'],https://bitbucket.org/emea_cf/datalake-cleansing/src/master/datalake-cleansing-jobs/src/main/scala/com/goodyear/datalake/cleansing/current/jobs/internal/manual/designpriority/CleansingDesignPriorityTask.scala
datalake-cleansing,CleansingStandardVatByCountryTask,['manual.standardVatByCountry'],['clean.standardVatByCountry'],https://bitbucket.org/emea_cf/datalake-cleansing/src/master/datalake-cleansing-jobs/src/main/scala/com/goodyear/datalake/cleansing/current/jobs/internal/manual/vatbycountry/CleansingStandardVatByCountryTask.scala
datalake-cleansing,CleansingTirePortalTrackDataTask,['raw.tirePortalTrackData'],['clean.tirePortalTrackData'],https://bitbucket.org/emea_cf/datalake-cleansing/src/master/datalake-cleansing-jobs/src/main/scala/com/goodyear/datalake/cleansing/current/jobs/internal/myway/tireportaltrackdata/CleansingTirePortalTrackDataTask.scala
datalake-cleansing,CleansingTrackDataXMLTask,['raw.trackDataXML'],['clean.trackDataXML'],https://bitbucket.org/emea_cf/datalake-cleansing/src/master/datalake-cleansing-jobs/src/main/scala/com/goodyear/datalake/cleansing/current/jobs/internal/myway/trackdataxml/CleansingTrackDataXMLTask.scala
datalake-cleansing,PointOfSalesGeoCodingResultsTask,['manual.pointOfSalesGeoCodingResults'],['clean.pointOfSaleGeoCodingResults'],https://bitbucket.org/emea_cf/datalake-cleansing/src/master/datalake-cleansing-jobs/src/main/scala/com/goodyear/datalake/cleansing/current/jobs/internal/pointofsale/geocoded/PointOfSalesGeoCodingResultsTask.scala
datalake-cleansing,PosLookupTask,['manual.pointOfSaleLookup'],['clean.pointOfSaleLookup'],https://bitbucket.org/emea_cf/datalake-cleansing/src/master/datalake-cleansing-jobs/src/main/scala/com/goodyear/datalake/cleansing/current/jobs/internal/pointofsale/lookup/PosLookupTask.scala
datalake-cleansing,CleansingBasketDefinitionTask,['raw.basketDefinition'],['clean.basketDefinition'],https://bitbucket.org/emea_cf/datalake-cleansing/src/master/datalake-cleansing-jobs/src/main/scala/com/goodyear/datalake/cleansing/current/jobs/internal/pricing/basketdefinition/CleansingBasketDefinitionTask.scala
datalake-cleansing,CleansingDesignMappingGFKGoodyearTask,['raw.designMappingGFKGoodyear'],['clean.designMappingGFKGoodyear'],https://bitbucket.org/emea_cf/datalake-cleansing/src/master/datalake-cleansing-jobs/src/main/scala/com/goodyear/datalake/cleansing/current/jobs/internal/pricing/designmappinggfkgoodyear/CleansingDesignMappingGFKGoodyearTask.scala
datalake-cleansing,CleansingGroupedToBasketSizeTypeMappingTask,['raw.groupedToBasketSizeTypeMapping'],['clean.groupedToBasketSizeTypeMapping'],https://bitbucket.org/emea_cf/datalake-cleansing/src/master/datalake-cleansing-jobs/src/main/scala/com/goodyear/datalake/cleansing/current/jobs/internal/pricing/groupedtobasketsizetypemapping/CleansingGroupedToBasketSizeTypeMappingTask.scala
datalake-cleansing,CleansingPlatformCustomerMappingTask,['raw.platformCustomerMapping'],['clean.platformCustomerMapping'],https://bitbucket.org/emea_cf/datalake-cleansing/src/master/datalake-cleansing-jobs/src/main/scala/com/goodyear/datalake/cleansing/current/jobs/internal/pricing/platformcustomermapping/CleansingPlatformCustomerMappingTask.scala
datalake-cleansing,CleansingOffersAppBeadbarcodeTask,['raw.offersAppBeadbarcode'],['clean.offersAppBeadbarcode'],https://bitbucket.org/emea_cf/datalake-cleansing/src/master/datalake-cleansing-jobs/src/main/scala/com/goodyear/datalake/cleansing/current/jobs/internal/pricing/suspiciousoffersapp/beadbarcode/CleansingOffersAppBeadbarcodeTask.scala
datalake-cleansing,CleansingOffersAppCaseTask,['raw.offersAppCase'],['clean.offersAppCase'],https://bitbucket.org/emea_cf/datalake-cleansing/src/master/datalake-cleansing-jobs/src/main/scala/com/goodyear/datalake/cleansing/current/jobs/internal/pricing/suspiciousoffersapp/case/CleansingOffersAppCaseTask.scala
datalake-cleansing,CleansingOffersAppSkuTask,['raw.offersAppSku'],['clean.offersAppSku'],https://bitbucket.org/emea_cf/datalake-cleansing/src/master/datalake-cleansing-jobs/src/main/scala/com/goodyear/datalake/cleansing/current/jobs/internal/pricing/suspiciousoffersapp/sku/CleansingOffersAppSkuTask.scala
datalake-cleansing,CompetitorsTask,['manual.retailCompetitors'],['clean.retailCompetitors'],https://bitbucket.org/emea_cf/datalake-cleansing/src/master/datalake-cleansing-jobs/src/main/scala/com/goodyear/datalake/cleansing/current/jobs/internal/retail/competitors/CompetitorsTask.scala
datalake-cleansing,RegionalProductMasterTask,['raw.retailRegionalProductMaster'],['clean.retailRegionalProductMaster'],https://bitbucket.org/emea_cf/datalake-cleansing/src/master/datalake-cleansing-jobs/src/main/scala/com/goodyear/datalake/cleansing/current/jobs/internal/retail/product/RegionalProductMasterTask.scala
datalake-cleansing,CleansingOEFitmentsTask,['manual.oeFitments'],"['clean.oeFitments', 'clean.oeFitmentsRejected']",https://bitbucket.org/emea_cf/datalake-cleansing/src/master/datalake-cleansing-jobs/src/main/scala/com/goodyear/datalake/cleansing/current/jobs/internal/sharepoint/oefitments/CleansingOEFitmentsTask.scala
datalake-cleansing,CleansingBmfWholesalerStockDataTask,['raw.bmfWholesalerStockData'],['clean.bmfWholesalerStockData'],https://bitbucket.org/emea_cf/datalake-cleansing/src/master/datalake-cleansing-jobs/src/main/scala/com/goodyear/datalake/cleansing/current/jobs/internal/stock/bmfwholesalerstockdata/CleansingBmfWholesalerStockDataTask.scala
datalake-cleansing,CleansingStockReportTask,['raw.stockReport'],['clean.stockReport'],https://bitbucket.org/emea_cf/datalake-cleansing/src/master/datalake-cleansing-jobs/src/main/scala/com/goodyear/datalake/cleansing/current/jobs/internal/stock/stockreport/CleansingStockReportTask.scala
datalake-cleansing,CleansingABHCarParkTask,['v.raws'],"['v.cleans', 'v.dirtys']",https://bitbucket.org/emea_cf/datalake-cleansing/src/master/datalake-cleansing-jobs/src/main/scala/com/goodyear/datalake/cleansing/legacy/jobs/external/vehicledata/carpark/abh/CleansingABHCarParkTask.scala
datalake-cleansing,CleansingExperianTirePark2016Task,['manual.experianTirePark.v2016Q4'],"['cleanLegacy.experianTirePark.v2016Q4', 'cleanLegacy.experianTirePark.v2016Q4Rejected']",https://bitbucket.org/emea_cf/datalake-cleansing/src/master/datalake-cleansing-jobs/src/main/scala/com/goodyear/datalake/cleansing/legacy/jobs/external/vehicledata/carpark/experian/CleansingExperianTirePark2016Task.scala
datalake-cleansing,CleansingExperianTirePark2017Task,['manual.experianTirePark.v2017Q4'],"['cleanLegacy.experianTirePark.v2017Q4', 'cleanLegacy.experianTirePark.v2017Q4Rejected']",https://bitbucket.org/emea_cf/datalake-cleansing/src/master/datalake-cleansing-jobs/src/main/scala/com/goodyear/datalake/cleansing/legacy/jobs/external/vehicledata/carpark/experian/CleansingExperianTirePark2017Task.scala
datalake-cleansing,CleansingExperianTirePark2019Task,['manual.experianTirePark.v2019Q4'],"['cleanLegacy.experianTirePark.v2019Q4', 'cleanLegacy.experianTirePark.v2019Q4Rejected']",https://bitbucket.org/emea_cf/datalake-cleansing/src/master/datalake-cleansing-jobs/src/main/scala/com/goodyear/datalake/cleansing/legacy/jobs/external/vehicledata/carpark/experian/CleansingExperianTirePark2019Task.scala
datalake-cleansing,CleansingGermanyTirePark2017Task,['manual.germanTirePark.v2017'],['cleanLegacy.germanTirePark.v2017'],https://bitbucket.org/emea_cf/datalake-cleansing/src/master/datalake-cleansing-jobs/src/main/scala/com/goodyear/datalake/cleansing/legacy/jobs/external/vehicledata/carpark/germany/CleansingGermanyTirePark2017Task.scala
datalake-cleansing,CleansingTecAllianceCarParkHistoricalTask,['manual.tecAllianceCarParkHistorical'],['cleanLegacy.tecAllianceCarParkHistorical'],https://bitbucket.org/emea_cf/datalake-cleansing/src/master/datalake-cleansing-jobs/src/main/scala/com/goodyear/datalake/cleansing/legacy/jobs/external/vehicledata/carpark/tecalliance/historical/CleansingTecAllianceCarParkHistoricalTask.scala
datalake-cleansing,CleansingTecAllianceCarPark2016Task,['manual.tecAllianceCarPark.v2016'],['cleanLegacy.tecAllianceCarPark.v2016'],https://bitbucket.org/emea_cf/datalake-cleansing/src/master/datalake-cleansing-jobs/src/main/scala/com/goodyear/datalake/cleansing/legacy/jobs/external/vehicledata/carpark/tecalliance/year2016/CleansingTecAllianceCarPark2016Task.scala
datalake-cleansing,CleansingTecAllianceCarPark2017Task,['manual.tecAllianceCarPark.v2017'],['cleanLegacy.tecAllianceCarPark.v2017'],https://bitbucket.org/emea_cf/datalake-cleansing/src/master/datalake-cleansing-jobs/src/main/scala/com/goodyear/datalake/cleansing/legacy/jobs/external/vehicledata/carpark/tecalliance/year2017/CleansingTecAllianceCarPark2017Task.scala
datalake-cleansing,CleansingTecAllianceCarPark2018Task,['manual.tecAllianceCarPark.v2018'],['cleanLegacy.tecAllianceCarPark.v2018'],https://bitbucket.org/emea_cf/datalake-cleansing/src/master/datalake-cleansing-jobs/src/main/scala/com/goodyear/datalake/cleansing/legacy/jobs/external/vehicledata/carpark/tecalliance/year2018/CleansingTecAllianceCarPark2018Task.scala
datalake-cleansing,CleansingForecast2019Task,['manual.strimForecast.by2019'],"['cleanLegacy.strimForecast.by2019.link', 'cleanLegacy.strimForecast.by2019Rejected.link']",https://bitbucket.org/emea_cf/datalake-cleansing/src/master/datalake-cleansing-jobs/src/main/scala/com/goodyear/datalake/cleansing/legacy/jobs/external/vehicledata/strimforecast/CleansingForecast2019Task.scala
datalake-cleansing,CleansingForecast2020Task,['manual.strimForecast.by2020'],"['cleanLegacy.strimForecast.by2020.link', 'cleanLegacy.strimForecast.by2020Rejected.link']",https://bitbucket.org/emea_cf/datalake-cleansing/src/master/datalake-cleansing-jobs/src/main/scala/com/goodyear/datalake/cleansing/legacy/jobs/external/vehicledata/strimforecast/CleansingForecast2020Task.scala
datalake-cleansing,CleansingForecast2021Task,['manual.strimForecast.by2021'],"['cleanLegacy.strimForecast.by2021.link', 'cleanLegacy.strimForecast.by2021Rejected.link']",https://bitbucket.org/emea_cf/datalake-cleansing/src/master/datalake-cleansing-jobs/src/main/scala/com/goodyear/datalake/cleansing/legacy/jobs/external/vehicledata/strimforecast/CleansingForecast2021Task.scala
