index,project_name,task_name,source_datasets,target_datasets,location
0,datalake-ped,B2BTask,"['clean.tire24DailyPricing', 'clean.zero7zrPricing', 'clean.platformaOpon', 'clean.country']",['ped.b2b'],https://bitbucket.org/emea_cf/datalake-ped/src/master/datalake-ped-jobs/src/main/scala/com/goodyear/datalake/ped/jobs/b2b/B2BTask.scala
1,datalake-ped,B2BDailyTask,"['clean.tire24DailyPricing', 'clean.zero7zrPricing', 'clean.platformaOpon', 'clean.country']",['ped.b2bDaily'],https://bitbucket.org/emea_cf/datalake-ped/src/master/datalake-ped-jobs/src/main/scala/com/goodyear/datalake/ped/jobs/b2bdaily/B2BDailyTask.scala
2,datalake-ped,B2CTask,"['clean.lizeoWeeklyPricing', 'clean.knowtrexSinglePlatform', 'clean.knowtrexSinglePlatformV2', 'clean.country']",['ped.b2c'],https://bitbucket.org/emea_cf/datalake-ped/src/master/datalake-ped-jobs/src/main/scala/com/goodyear/datalake/ped/jobs/b2c/B2CTask.scala
3,datalake-ped,B2CDailyTask,"['clean.lizeoWeeklyPricing', 'clean.knowtrexSinglePlatform', 'clean.knowtrexSinglePlatformV2', 'clean.knowtrexMarketPlatform', 'clean.knowtrexMarketPlatformV2', 'clean.country']",['ped.b2cDaily'],https://bitbucket.org/emea_cf/datalake-ped/src/master/datalake-ped-jobs/src/main/scala/com/goodyear/datalake/ped/jobs/b2cdaily/B2CDailyTask.scala
4,datalake-ped,BeadBarCodeTask,"['clean.beadbarCodeEvent', 'clean.edwCustomers', 'mdm.countryHierarchy']",['ped.beadBarCode'],https://bitbucket.org/emea_cf/datalake-ped/src/master/datalake-ped-jobs/src/main/scala/com/goodyear/datalake/ped/jobs/beadbarcode/BeadBarCodeTask.scala
5,datalake-ped,BeadBarCodeAppTask,"['clean.beadbarCodeScanLog', 'clean.edwCustomers', 'mdm.countryHierarchy']",['ped.beadBarCodeScanLog'],https://bitbucket.org/emea_cf/datalake-ped/src/master/datalake-ped-jobs/src/main/scala/com/goodyear/datalake/ped/jobs/beadbarcodeapp/BeadBarCodeAppTask.scala
6,datalake-ped,ConsumerMarketShareBasketSizeTypeCoverageTask,"['mdm.marketShareConsumerReplacementSemester', 'clean.groupedToBasketSizeTypeMapping']",['ped.consumerMarketShareBasketSizeTypeCoverage'],https://bitbucket.org/emea_cf/datalake-ped/src/master/datalake-ped-jobs/src/main/scala/com/goodyear/datalake/ped/jobs/consumermarketsharebasketsizetypecoverage/ConsumerMarketShareBasketSizeTypeCoverageTask.scala
7,datalake-ped,ConsumerMarketShareCoverageTask,['mdm.marketShareConsumerReplacementSemester'],['ped.consumerMarketShareCoverage'],https://bitbucket.org/emea_cf/datalake-ped/src/master/datalake-ped-jobs/src/main/scala/com/goodyear/datalake/ped/jobs/consumermarketsharecoverage/ConsumerMarketShareCoverageTask.scala
8,datalake-ped,ConsumerNetSalesBasketSizeTypeCoverageTask,['ped.netSalesWeightingBasket2020SizeType'],['ped.consumerNetSalesBasketSizeTypeCoverage'],https://bitbucket.org/emea_cf/datalake-ped/src/master/datalake-ped-jobs/src/main/scala/com/goodyear/datalake/ped/jobs/consumernetsalesbasketsizetypecoverage/ConsumerNetSalesBasketSizeTypeCoverageTask.scala
9,datalake-ped,ConsumerNetSalesCoverageTask,['ped.netSalesWeighting'],['ped.consumerNetSalesCoverage'],https://bitbucket.org/emea_cf/datalake-ped/src/master/datalake-ped-jobs/src/main/scala/com/goodyear/datalake/ped/jobs/consumernetsalescoverage/ConsumerNetSalesCoverageTask.scala
10,datalake-ped,FloorPriceEanTask,"['clean.floorPrice', 'mdm.tireMaster']",['ped.floorPriceEan'],https://bitbucket.org/emea_cf/datalake-ped/src/master/datalake-ped-jobs/src/main/scala/com/goodyear/datalake/ped/jobs/floorpriceean/FloorPriceEanTask.scala
11,datalake-ped,GFKConsumerBasketSizeTypeTask,"['mdm.gfkConsumer', 'clean.designMappingGFKGoodyear', 'clean.groupedToBasketSizeTypeMapping']",['ped.gfkconsumerbasketsizetype'],https://bitbucket.org/emea_cf/datalake-ped/src/master/datalake-ped-jobs/src/main/scala/com/goodyear/datalake/ped/jobs/gfkconsumerbasketsizetype/GFKConsumerBasketSizeTypeTask.scala
12,datalake-ped,GreyBlueMarketAnalyticsTask,"['clean.orderToCashMart', 'ped.beadBarCode', 'clean.edwCustomers', 'mdm.countryHierarchy', 'mdm.tireMaster']",['ped.greyBlueMarketAnalytics'],https://bitbucket.org/emea_cf/datalake-ped/src/master/datalake-ped-jobs/src/main/scala/com/goodyear/datalake/ped/jobs/greybluemarketanalytics/GreyBlueMarketAnalyticsTask.scala
13,datalake-ped,GreyBlueMarketAnalyticsBillingTask,"['clean.copa', 'clean.floorPrice', 'clean.edwCustomers', 'mdm.countryHierarchy']",['ped.greyBlueMarketAnalyticsBilling'],https://bitbucket.org/emea_cf/datalake-ped/src/master/datalake-ped-jobs/src/main/scala/com/goodyear/datalake/ped/jobs/greybluemarketanalyticsbilling/GreyBlueMarketAnalyticsBillingTask.scala
14,datalake-ped,NetSalesWeightingTask,"['clean.netSales', 'mdm.consumerTireMaster']",['ped.netSalesWeighting'],https://bitbucket.org/emea_cf/datalake-ped/src/master/datalake-ped-jobs/src/main/scala/com/goodyear/datalake/ped/jobs/netsalesweighting/NetSalesWeightingTask.scala
15,datalake-ped,NetSalesWeightingBasket2020SizeTypeTask,"['clean.netSales', 'ped.tireMaster']",['ped.netSalesWeightingBasket2020SizeType'],https://bitbucket.org/emea_cf/datalake-ped/src/master/datalake-ped-jobs/src/main/scala/com/goodyear/datalake/ped/jobs/netsalesweightingbasket2020sizetype/NetSalesWeightingBasket2020SizeTypeTask.scala
16,datalake-ped,PlatformCustomerMappingCalcTask,"['clean.platformCustomerMapping', 'clean.edwCustomers', 'clean.customerHierarchy']",['ped.platformCustomerMappingCalc'],https://bitbucket.org/emea_cf/datalake-ped/src/master/datalake-ped-jobs/src/main/scala/com/goodyear/datalake/ped/jobs/platformcustomermappingcalc/PlatformCustomerMappingCalcTask.scala
17,datalake-ped,PricingAnalyticsTask,"['ped.b2b', 'ped.b2c', 'ped.netSalesWeighting', 'ped.tireMaster', 'mdm.countryHierarchy', 'mdm.consumerSizeMaster', 'mdm.marketShareConsumerReplacementSemester']",['ped.pricinganalytics'],https://bitbucket.org/emea_cf/datalake-ped/src/master/datalake-ped-jobs/src/main/scala/com/goodyear/datalake/ped/jobs/pricinganalytics/PricingAnalyticsTask.scala
18,datalake-ped,PricingAnalyticsBasketSizeTypeTask,"['ped.pricingAnalyticsWeeklyPlatformReporting', 'ped.consumerNetSalesBasketSizeTypeCoverage', 'ped.consumerMarketShareBasketSizeTypeCoverage']",['ped.pricinganalyticsbasketsizetype'],https://bitbucket.org/emea_cf/datalake-ped/src/master/datalake-ped-jobs/src/main/scala/com/goodyear/datalake/ped/jobs/pricinganalyticsbasketsizetype/PricingAnalyticsBasketSizeTypeTask.scala
19,datalake-ped,PricingAnalyticsBasketSizeTypeMonthlyTask,"['ped.pricinganalyticsbasketsizetype', 'ped.consumerNetSalesBasketSizeTypeCoverage', 'ped.consumerMarketShareBasketSizeTypeCoverage']",[],https://bitbucket.org/emea_cf/datalake-ped/src/master/datalake-ped-jobs/src/main/scala/com/goodyear/datalake/ped/jobs/pricinganalyticsbasketsizetypemonthly/PricingAnalyticsBasketSizeTypeMonthlyTask.scala
20,datalake-ped,PricingAnalyticsSizeTypeTask,['ped.pricinganalytics'],['ped.pricinganalyticssizetype'],https://bitbucket.org/emea_cf/datalake-ped/src/master/datalake-ped-jobs/src/main/scala/com/goodyear/datalake/ped/jobs/pricinganalyticssizetype/PricingAnalyticsSizeTypeTask.scala
21,datalake-ped,PricingAnalyticsWeeklyPlatformTask,"['ped.b2bDaily', 'ped.b2cDaily']",['ped.pricinganalyticsweeklyplatform'],https://bitbucket.org/emea_cf/datalake-ped/src/master/datalake-ped-jobs/src/main/scala/com/goodyear/datalake/ped/jobs/pricinganalyticsweeklyplatform/PricingAnalyticsWeeklyPlatformTask.scala
22,datalake-ped,PricingAnalyticsWeeklyPlatformReportingTask,"['ped.pricinganalyticsweeklyplatform', 'ped.tireMaster', 'ped.consumerNetSalesCoverage', 'ped.consumerMarketShareCoverage', 'ped.floorPriceEan', 'mdm.countryHierarchy', 'ped.weightingDesignSellin', 'ped.weightingDesignSellout']",['ped.pricingAnalyticsWeeklyPlatformReporting'],https://bitbucket.org/emea_cf/datalake-ped/src/master/datalake-ped-jobs/src/main/scala/com/goodyear/datalake/ped/jobs/pricinganalyticsweeklyplatformreporting/PricingAnalyticsWeeklyPlatformReportingTask.scala
23,datalake-ped,SellinTask,['clean.sellinPricing'],['ped.sellin'],https://bitbucket.org/emea_cf/datalake-ped/src/master/datalake-ped-jobs/src/main/scala/com/goodyear/datalake/ped/jobs/sellin/SellinTask.scala
24,datalake-ped,TireMasterTask,"['mdm.tireMaster', 'clean.knowtrexMasterData', 'clean.zero7zrPricing', 'clean.tire24DailyPricing', 'clean.lizeoWeeklyPricing', 'clean.activePricingProducts', 'clean.brandToTierMapping', 'mdm.consumerSizeMaster', 'clean.groupedToBasketSizeTypeMapping', 'clean.basketDefinition']",['ped.tireMaster'],https://bitbucket.org/emea_cf/datalake-ped/src/master/datalake-ped-jobs/src/main/scala/com/goodyear/datalake/ped/jobs/tiremaster/TireMasterTask.scala
25,datalake-ped,VendavoTransactionsCalcTask,"['clean.vendavoTransactions', 'clean.edwExchangeRates']",['ped.vendavoTransactionsCalc'],https://bitbucket.org/emea_cf/datalake-ped/src/master/datalake-ped-jobs/src/main/scala/com/goodyear/datalake/ped/jobs/vendavotransactionscalc/VendavoTransactionsCalcTask.scala
26,datalake-ped,WeightingConfigurationTask,[],['ped.weightingConfiguration'],https://bitbucket.org/emea_cf/datalake-ped/src/master/datalake-ped-jobs/src/main/scala/com/goodyear/datalake/ped/jobs/weightingconfiguration/WeightingConfigurationTask.scala
27,datalake-ped,WeightingDesignSellinTask,"['ped.vendavoTransactionsCalc', 'ped.tireMaster', 'mdm.tireMaster', 'ped.weightingConfiguration']",['ped.weightingDesignSellin'],https://bitbucket.org/emea_cf/datalake-ped/src/master/datalake-ped-jobs/src/main/scala/com/goodyear/datalake/ped/jobs/weightingdesignsellin/WeightingDesignSellinTask.scala
28,datalake-ped,WeightingDesignSelloutTask,"['ped.gfkconsumerbasketsizetype', 'ped.weightingConfiguration']",['ped.weightingDesignSellout'],https://bitbucket.org/emea_cf/datalake-ped/src/master/datalake-ped-jobs/src/main/scala/com/goodyear/datalake/ped/jobs/weightingdesignsellout/WeightingDesignSelloutTask.scala
0,datalake-cleansing,CarAgeTask,['manual.carAges'],['clean.carAges'],https://bitbucket.org/emea_cf/datalake-cleansing/src/master/datalake-cleansing-jobs/src/main/scala/com/goodyear/datalake/cleansing/current/jobs/external/aligneddistribution/carage/CarAgeTask.scala
1,datalake-cleansing,CatchmentMappingTask,[],['clean.catchmentMapping'],https://bitbucket.org/emea_cf/datalake-cleansing/src/master/datalake-cleansing-jobs/src/main/scala/com/goodyear/datalake/cleansing/current/jobs/external/aligneddistribution/catchmentmapping/CatchmentMappingTask.scala
2,datalake-cleansing,CatchmentMappingWebTask,[],['clean.catchmentMappingWeb'],https://bitbucket.org/emea_cf/datalake-cleansing/src/master/datalake-cleansing-jobs/src/main/scala/com/goodyear/datalake/cleansing/current/jobs/external/aligneddistribution/catchmentmapping/CatchmentMappingWebTask.scala
3,datalake-cleansing,ChannelMappingTask,['manual.channelMapping'],['clean.channelMapping'],https://bitbucket.org/emea_cf/datalake-cleansing/src/master/datalake-cleansing-jobs/src/main/scala/com/goodyear/datalake/cleansing/current/jobs/external/aligneddistribution/channelmapping/ChannelMappingTask.scala
4,datalake-cleansing,DriveTimeTask,['manual.driveTime'],['clean.driveTime'],https://bitbucket.org/emea_cf/datalake-cleansing/src/master/datalake-cleansing-jobs/src/main/scala/com/goodyear/datalake/cleansing/current/jobs/external/aligneddistribution/drivetime/DriveTimeTask.scala
5,datalake-cleansing,FleetTireParkTask,[],['clean.fleets.by2019.link'],https://bitbucket.org/emea_cf/datalake-cleansing/src/master/datalake-cleansing-jobs/src/main/scala/com/goodyear/datalake/cleansing/current/jobs/external/aligneddistribution/fleet/it/FleetTireParkTask.scala
6,datalake-cleansing,PayerMappingTask,[],['clean.payerMapping'],https://bitbucket.org/emea_cf/datalake-cleansing/src/master/datalake-cleansing-jobs/src/main/scala/com/goodyear/datalake/cleansing/current/jobs/external/aligneddistribution/fsdcustomermapping/PayerMappingTask.scala
7,datalake-cleansing,WzwPointsOfSaleTask,[],['clean.wzwPointsOfSale'],https://bitbucket.org/emea_cf/datalake-cleansing/src/master/datalake-cleansing-jobs/src/main/scala/com/goodyear/datalake/cleansing/current/jobs/external/aligneddistribution/germandealerpartner/WzwPointsOfSaleTask.scala
8,datalake-cleansing,ActivationNationalTask,['manual.activationNational'],"['clean.activationNational', 'clean.activationNationalRejected']",https://bitbucket.org/emea_cf/datalake-cleansing/src/master/datalake-cleansing-jobs/src/main/scala/com/goodyear/datalake/cleansing/current/jobs/external/aligneddistribution/pforp/activationarea/national/ActivationNationalTask.scala
9,datalake-cleansing,ActivationRegionalTask,['manual.activationRegional'],"['clean.activationRegional', 'clean.activationRegionalRejected']",https://bitbucket.org/emea_cf/datalake-cleansing/src/master/datalake-cleansing-jobs/src/main/scala/com/goodyear/datalake/cleansing/current/jobs/external/aligneddistribution/pforp/activationarea/regional/ActivationRegionalTask.scala
10,datalake-cleansing,EraCurrencyCoefficientTask,['manual.eraCoefficient'],"['clean.eraCoefficient', 'clean.eraCoefficientRejected']",https://bitbucket.org/emea_cf/datalake-cleansing/src/master/datalake-cleansing-jobs/src/main/scala/com/goodyear/datalake/cleansing/current/jobs/external/aligneddistribution/pforp/availability/coefficient/EraCurrencyCoefficientTask.scala
11,datalake-cleansing,RangeAvailabilityTask,['manual.rangeAvailability'],"['clean.rangeAvailability', 'clean.rangeAvailabilityRejected']",https://bitbucket.org/emea_cf/datalake-cleansing/src/master/datalake-cleansing-jobs/src/main/scala/com/goodyear/datalake/cleansing/current/jobs/external/aligneddistribution/pforp/availability/RangeAvailabilityTask.scala
12,datalake-cleansing,PaybackMassaTask,[],['clean.paybacksMassa'],https://bitbucket.org/emea_cf/datalake-cleansing/src/master/datalake-cleansing-jobs/src/main/scala/com/goodyear/datalake/cleansing/current/jobs/external/aligneddistribution/pforp/payback/massa/PaybackMassaTask.scala
13,datalake-cleansing,PopulationTask,[],['clean.population'],https://bitbucket.org/emea_cf/datalake-cleansing/src/master/datalake-cleansing-jobs/src/main/scala/com/goodyear/datalake/cleansing/current/jobs/external/aligneddistribution/population/PopulationTask.scala
14,datalake-cleansing,CooperationRenameTask,[],['clean.cooperationRenames'],https://bitbucket.org/emea_cf/datalake-cleansing/src/master/datalake-cleansing-jobs/src/main/scala/com/goodyear/datalake/cleansing/current/jobs/external/aligneddistribution/renaming/CooperationRenameTask.scala
15,datalake-cleansing,AdSellOutSubTask,[],[],https://bitbucket.org/emea_cf/datalake-cleansing/src/master/datalake-cleansing-jobs/src/main/scala/com/goodyear/datalake/cleansing/current/jobs/external/aligneddistribution/sellout/lizeo/AdSellOutSubTask.scala
16,datalake-cleansing,SellOutValidateTask,"['manual.adWhitelist', 'yearLinks.goodDate']","['yearLinks.goodDateAppend', 'yearLinks.blockers', 'yearLinks.blockers', 'yearLinks.goodDate']",https://bitbucket.org/emea_cf/datalake-cleansing/src/master/datalake-cleansing-jobs/src/main/scala/com/goodyear/datalake/cleansing/current/jobs/external/aligneddistribution/sellout/lizeo/validation/SellOutValidateTask.scala
17,datalake-cleansing,SellOutCurrentTask,['raw.adSellOut.year2021'],"['clean.adSellOut2021', 'clean.adSellOutRejected2021']",https://bitbucket.org/emea_cf/datalake-cleansing/src/master/datalake-cleansing-jobs/src/main/scala/com/goodyear/datalake/cleansing/current/jobs/external/aligneddistribution/sellout/lizeo/years/SellOutCurrentTask.scala
18,datalake-cleansing,SellOutHeritageTask,['yearLink.goodDate'],"['cleanLink', 'rejectedLink']",https://bitbucket.org/emea_cf/datalake-cleansing/src/master/datalake-cleansing-jobs/src/main/scala/com/goodyear/datalake/cleansing/current/jobs/external/aligneddistribution/sellout/lizeo/years/SellOutHeritageTask.scala
19,datalake-cleansing,SpaghettiChartByYearTask,[],['clean.spaghettiChartByYear'],https://bitbucket.org/emea_cf/datalake-cleansing/src/master/datalake-cleansing-jobs/src/main/scala/com/goodyear/datalake/cleansing/current/jobs/external/aligneddistribution/spaghettichartbyyear/SpaghettiChartByYearTask.scala
20,datalake-cleansing,AdInventoryTask,[],['clean.adInventory'],https://bitbucket.org/emea_cf/datalake-cleansing/src/master/datalake-cleansing-jobs/src/main/scala/com/goodyear/datalake/cleansing/current/jobs/external/aligneddistribution/stock/lizeo/AdInventoryTask.scala
21,datalake-cleansing,SubChannelByYearTask,[],['clean.subChannelsByYear'],https://bitbucket.org/emea_cf/datalake-cleansing/src/master/datalake-cleansing-jobs/src/main/scala/com/goodyear/datalake/cleansing/current/jobs/external/aligneddistribution/subchannelbyyear/SubChannelByYearTask.scala
22,datalake-cleansing,UploadDateTask,[],['clean.uploadDate'],https://bitbucket.org/emea_cf/datalake-cleansing/src/master/datalake-cleansing-jobs/src/main/scala/com/goodyear/datalake/cleansing/current/jobs/external/aligneddistribution/uploaddate/UploadDateTask.scala
23,datalake-cleansing,BeadbarCodeScanLogTask,['raw.beadbarCodeScanLog'],['clean.beadbarCodeScanLog'],https://bitbucket.org/emea_cf/datalake-cleansing/src/master/datalake-cleansing-jobs/src/main/scala/com/goodyear/datalake/cleansing/current/jobs/external/aws/beadbarcodescanlog/BeadbarCodeScanLogTask.scala
24,datalake-cleansing,IhsCpiTask,['manual.commercial.ihsCpi'],"['clean.commercial.ihsCpi', 'clean.commercial.ihsCpiRejected']",https://bitbucket.org/emea_cf/datalake-cleansing/src/master/datalake-cleansing-jobs/src/main/scala/com/goodyear/datalake/cleansing/current/jobs/external/commercial/ihs/IhsCpiTask.scala
25,datalake-cleansing,IhsGdpTask,['manual.commercial.ihsGdp'],"['clean.commercial.ihsGdp', 'clean.commercial.ihsGdpRejected']",https://bitbucket.org/emea_cf/datalake-cleansing/src/master/datalake-cleansing-jobs/src/main/scala/com/goodyear/datalake/cleansing/current/jobs/external/commercial/ihs/IhsGdpTask.scala
26,datalake-cleansing,IhsMeiTask,['manual.commercial.ihsMei'],"['clean.commercial.ihsMei', 'clean.commercial.ihsMeiRejected']",https://bitbucket.org/emea_cf/datalake-cleansing/src/master/datalake-cleansing-jobs/src/main/scala/com/goodyear/datalake/cleansing/current/jobs/external/commercial/ihs/IhsMeiTask.scala
27,datalake-cleansing,IhsPmiTask,['manual.commercial.ihsPmi'],"['clean.commercial.ihsPmi', 'clean.commercial.ihsPmiRejected']",https://bitbucket.org/emea_cf/datalake-cleansing/src/master/datalake-cleansing-jobs/src/main/scala/com/goodyear/datalake/cleansing/current/jobs/external/commercial/ihs/IhsPmiTask.scala
28,datalake-cleansing,IhsVehicleParcDensityTask,['manual.commercial.ihsVehicleParkDensity'],"['clean.commercial.ihsVehicleParkDensity', 'clean.commercial.ihsVehicleParkDensityRejected']",https://bitbucket.org/emea_cf/datalake-cleansing/src/master/datalake-cleansing-jobs/src/main/scala/com/goodyear/datalake/cleansing/current/jobs/external/commercial/ihs/IhsVehicleParcDensityTask.scala
29,datalake-cleansing,IhsVehicleParkTask,['manual.commercial.ihsVehiclePark'],"['clean.commercial.ihsVehiclePark', 'clean.commercial.ihsVehicleParkRejected']",https://bitbucket.org/emea_cf/datalake-cleansing/src/master/datalake-cleansing-jobs/src/main/scala/com/goodyear/datalake/cleansing/current/jobs/external/commercial/ihs/IhsVehicleParkTask.scala
30,datalake-cleansing,IhsVehicleProductionMonthlyTask,['manual.commercial.ihsVehicleProductionMonthly'],"['clean.commercial.ihsVehicleProductionMonthly', 'clean.commercial.ihsVehicleProductionMonthlyRejected']",https://bitbucket.org/emea_cf/datalake-cleansing/src/master/datalake-cleansing-jobs/src/main/scala/com/goodyear/datalake/cleansing/current/jobs/external/commercial/ihs/IhsVehicleProductionMonthlyTask.scala
31,datalake-cleansing,IhsVehicleProductionQuarterlyTask,['manual.commercial.ihsVehicleProductionQuarterly'],"['clean.commercial.ihsVehicleProductionQuarterly', 'clean.commercial.ihsVehicleProductionQuarterlyRejected']",https://bitbucket.org/emea_cf/datalake-cleansing/src/master/datalake-cleansing-jobs/src/main/scala/com/goodyear/datalake/cleansing/current/jobs/external/commercial/ihs/IhsVehicleProductionQuarterlyTask.scala
32,datalake-cleansing,IhsVehicleSalesMonthlyTask,['manual.commercial.ihsVehicleSalesMonthly'],"['clean.commercial.ihsVehicleSalesMonthly', 'clean.commercial.ihsVehicleSalesMonthlyRejected']",https://bitbucket.org/emea_cf/datalake-cleansing/src/master/datalake-cleansing-jobs/src/main/scala/com/goodyear/datalake/cleansing/current/jobs/external/commercial/ihs/IhsVehicleSalesMonthlyTask.scala
33,datalake-cleansing,IhsVehicleSalesYearlyTask,['manual.commercial.ihsVehicleSalesYearly'],"['clean.commercial.ihsVehicleSalesYearly', 'clean.commercial.ihsVehicleSalesYearlyRejected']",https://bitbucket.org/emea_cf/datalake-cleansing/src/master/datalake-cleansing-jobs/src/main/scala/com/goodyear/datalake/cleansing/current/jobs/external/commercial/ihs/IhsVehicleSalesYearlyTask.scala
34,datalake-cleansing,RoadFreightIndicatorsTask,['raw.commercial.inrixRoadFreightIndicators'],"['clean.commercial.inrixRoadFreightIndicators', 'clean.commercial.inrixRoadFreightIndicatorsRejected']",https://bitbucket.org/emea_cf/datalake-cleansing/src/master/datalake-cleansing-jobs/src/main/scala/com/goodyear/datalake/cleansing/current/jobs/external/commercial/inrix/RoadFreightIndicatorsTask.scala
35,datalake-cleansing,CommercialSellOutTask,['raw.commercial.sellOut'],"['clean.commercial.sellOut', 'clean.commercial.sellOutRejected']",https://bitbucket.org/emea_cf/datalake-cleansing/src/master/datalake-cleansing-jobs/src/main/scala/com/goodyear/datalake/cleansing/current/jobs/external/commercial/sellout/CommercialSellOutTask.scala
36,datalake-cleansing,ClearTrailerParcTask,['raw.commercial.clearTrailerParc'],"['clean.commercial.clearTrailerParc', 'clean.commercial.clearTrailerParcRejected']",https://bitbucket.org/emea_cf/datalake-cleansing/src/master/datalake-cleansing-jobs/src/main/scala/com/goodyear/datalake/cleansing/current/jobs/external/commercial/trailer/ClearTrailerParcTask.scala
37,datalake-cleansing,ClearTrailerProductionTask,['raw.commercial.clearTrailerProduction'],"['clean.commercial.clearTrailerProduction', 'clean.commercial.clearTrailerProductionRejected']",https://bitbucket.org/emea_cf/datalake-cleansing/src/master/datalake-cleansing-jobs/src/main/scala/com/goodyear/datalake/cleansing/current/jobs/external/commercial/trailer/ClearTrailerProductionTask.scala
38,datalake-cleansing,TireReplacementTask,['manual.commercial.tireReplacement'],"['clean.commercial.tireReplacement', 'clean.commercial.tireReplacementRejected']",https://bitbucket.org/emea_cf/datalake-cleansing/src/master/datalake-cleansing-jobs/src/main/scala/com/goodyear/datalake/cleansing/current/jobs/external/commercial/vehiclepark/TireReplacementTask.scala
39,datalake-cleansing,VehicleParkTask,['manual.commercial.vehiclePark'],"['clean.commercial.vehiclePark', 'clean.commercial.vehicleParkRejected']",https://bitbucket.org/emea_cf/datalake-cleansing/src/master/datalake-cleansing-jobs/src/main/scala/com/goodyear/datalake/cleansing/current/jobs/external/commercial/vehiclepark/VehicleParkTask.scala
40,datalake-cleansing,TheoricalReplacementCoefficientTask,[],"['clean.gammaOne', 'clean.gammaTwo']",https://bitbucket.org/emea_cf/datalake-cleansing/src/master/datalake-cleansing-jobs/src/main/scala/com/goodyear/datalake/cleansing/current/jobs/external/datascience/gamma/TheoricalReplacementCoefficientTask.scala
41,datalake-cleansing,IhsConsumptionTask,[],['clean.ihsConsumption'],https://bitbucket.org/emea_cf/datalake-cleansing/src/master/datalake-cleansing-jobs/src/main/scala/com/goodyear/datalake/cleansing/current/jobs/external/datascience/ihs/consumption/IhsConsumptionTask.scala
42,datalake-cleansing,OfficialBusinessTask,['manual.officialBusiness'],['clean.officialBusiness'],https://bitbucket.org/emea_cf/datalake-cleansing/src/master/datalake-cleansing-jobs/src/main/scala/com/goodyear/datalake/cleansing/current/jobs/external/datascience/official/business/OfficialBusinessTask.scala
43,datalake-cleansing,ExtraPool2019Task,[],['clean.extraPool2019'],https://bitbucket.org/emea_cf/datalake-cleansing/src/master/datalake-cleansing-jobs/src/main/scala/com/goodyear/datalake/cleansing/current/jobs/external/datascience/official/extrapool/ExtraPool2019Task.scala
44,datalake-cleansing,ExtraPoolMultiTask,[],['clean.extraPoolTill2018'],https://bitbucket.org/emea_cf/datalake-cleansing/src/master/datalake-cleansing-jobs/src/main/scala/com/goodyear/datalake/cleansing/current/jobs/external/datascience/official/extrapool/ExtraPoolMultiTask.scala
45,datalake-cleansing,OfficialLmcTask,['manual.officialLmc'],['clean.officialLmc'],https://bitbucket.org/emea_cf/datalake-cleansing/src/master/datalake-cleansing-jobs/src/main/scala/com/goodyear/datalake/cleansing/current/jobs/external/datascience/official/lmc/OfficialLmcTask.scala
46,datalake-cleansing,OfficialMarketFigureTask,[],['clean.officials'],https://bitbucket.org/emea_cf/datalake-cleansing/src/master/datalake-cleansing-jobs/src/main/scala/com/goodyear/datalake/cleansing/current/jobs/external/datascience/official/marketfigure/OfficialMarketFigureTask.scala
47,datalake-cleansing,CleansingBeDemographicsTask,['manual.beDemographics'],['clean.beDemographics'],https://bitbucket.org/emea_cf/datalake-cleansing/src/master/datalake-cleansing-jobs/src/main/scala/com/goodyear/datalake/cleansing/current/jobs/external/demographics/experian/be/CleansingBeDemographicsTask.scala
48,datalake-cleansing,CleansingChannelTask,['manual.channelDemographics'],['clean.channelDemographics'],https://bitbucket.org/emea_cf/datalake-cleansing/src/master/datalake-cleansing-jobs/src/main/scala/com/goodyear/datalake/cleansing/current/jobs/external/demographics/experian/channel/CleansingChannelTask.scala
49,datalake-cleansing,CleansingDEDemographicsTask,['manual.deDemographics'],"['clean.deDemographics', 'clean.deDemographicsRejected']",https://bitbucket.org/emea_cf/datalake-cleansing/src/master/datalake-cleansing-jobs/src/main/scala/com/goodyear/datalake/cleansing/current/jobs/external/demographics/experian/de/CleansingDEDemographicsTask.scala
50,datalake-cleansing,CleansingESDemographicsTask,['manual.esDemographics'],"['clean.esDemographics', 'clean.esDemographicsRejected']",https://bitbucket.org/emea_cf/datalake-cleansing/src/master/datalake-cleansing-jobs/src/main/scala/com/goodyear/datalake/cleansing/current/jobs/external/demographics/experian/es/CleansingESDemographicsTask.scala
51,datalake-cleansing,CleansingFRDemographicsTask,['manual.frDemographics'],"['clean.frDemographics', 'clean.frDemographicsRejected']",https://bitbucket.org/emea_cf/datalake-cleansing/src/master/datalake-cleansing-jobs/src/main/scala/com/goodyear/datalake/cleansing/current/jobs/external/demographics/experian/fr/CleansingFRDemographicsTask.scala
52,datalake-cleansing,CleansingItDemographicsTask,['manual.itDemographics'],['clean.itDemographics'],https://bitbucket.org/emea_cf/datalake-cleansing/src/master/datalake-cleansing-jobs/src/main/scala/com/goodyear/datalake/cleansing/current/jobs/external/demographics/experian/it/CleansingItDemographicsTask.scala
53,datalake-cleansing,CleansingMosaicTask,['manual.mosaic'],['clean.mosaic'],https://bitbucket.org/emea_cf/datalake-cleansing/src/master/datalake-cleansing-jobs/src/main/scala/com/goodyear/datalake/cleansing/current/jobs/external/demographics/experian/mosaic/CleansingMosaicTask.scala
54,datalake-cleansing,CleansingNLDemographicsTask,['manual.nlDemographics'],"['clean.nlDemographics', 'clean.nlDemographicsRejected']",https://bitbucket.org/emea_cf/datalake-cleansing/src/master/datalake-cleansing-jobs/src/main/scala/com/goodyear/datalake/cleansing/current/jobs/external/demographics/experian/nl/CleansingNLDemographicsTask.scala
55,datalake-cleansing,PlDemographicsTask,[],['clean.plDemographics'],https://bitbucket.org/emea_cf/datalake-cleansing/src/master/datalake-cleansing-jobs/src/main/scala/com/goodyear/datalake/cleansing/current/jobs/external/demographics/experian/pl/PlDemographicsTask.scala
56,datalake-cleansing,PtDemographicsTask,['manual.ptDemographics'],['clean.ptDemographics'],https://bitbucket.org/emea_cf/datalake-cleansing/src/master/datalake-cleansing-jobs/src/main/scala/com/goodyear/datalake/cleansing/current/jobs/external/demographics/experian/pt/PtDemographicsTask.scala
57,datalake-cleansing,CleansingUKDemographicsTask,['manual.ukDemographics'],['clean.ukDemographics'],https://bitbucket.org/emea_cf/datalake-cleansing/src/master/datalake-cleansing-jobs/src/main/scala/com/goodyear/datalake/cleansing/current/jobs/external/demographics/experian/uk/CleansingUKDemographicsTask.scala
58,datalake-cleansing,CentroidTask,[],['clean.centroids'],https://bitbucket.org/emea_cf/datalake-cleansing/src/master/datalake-cleansing-jobs/src/main/scala/com/goodyear/datalake/cleansing/current/jobs/external/geographics/centroids/CentroidTask.scala
59,datalake-cleansing,CleansingCustomerLocationGeoDataTask,['raw.customerLocationGeoData'],['clean.customerLocationGeoData'],https://bitbucket.org/emea_cf/datalake-cleansing/src/master/datalake-cleansing-jobs/src/main/scala/com/goodyear/datalake/cleansing/current/jobs/external/geographics/geolocation/customerlocationgeodata/CleansingCustomerLocationGeoDataTask.scala
60,datalake-cleansing,CleansingPostalCodeHierarchyTask,['manual.postalCodeHierarchy'],['clean.postalCodeHierarchy'],https://bitbucket.org/emea_cf/datalake-cleansing/src/master/datalake-cleansing-jobs/src/main/scala/com/goodyear/datalake/cleansing/current/jobs/external/geographics/gfk/CleansingPostalCodeHierarchyTask.scala
61,datalake-cleansing,CleansingNutsConversionTask,['manual.NUTSConversion'],['clean.NUTSConversion'],https://bitbucket.org/emea_cf/datalake-cleansing/src/master/datalake-cleansing-jobs/src/main/scala/com/goodyear/datalake/cleansing/current/jobs/external/geographics/nuts/conversion/CleansingNutsConversionTask.scala
62,datalake-cleansing,CleansingNutsTask,['manual.NUTS'],['clean.NUTS'],https://bitbucket.org/emea_cf/datalake-cleansing/src/master/datalake-cleansing-jobs/src/main/scala/com/goodyear/datalake/cleansing/current/jobs/external/geographics/nuts/nuts/CleansingNutsTask.scala
63,datalake-cleansing,AbhPointOfSaleTask,['manual.abhPointsOfSale'],['clean.abhPointsOfSale'],https://bitbucket.org/emea_cf/datalake-cleansing/src/master/datalake-cleansing-jobs/src/main/scala/com/goodyear/datalake/cleansing/current/jobs/external/geographics/pos/abh/AbhPointOfSaleTask.scala
64,datalake-cleansing,CleansingAutoViewPostCodeConversionTask,['manual.autoviewPostCodeConversion'],['clean.autoviewPostCodeConversion'],https://bitbucket.org/emea_cf/datalake-cleansing/src/master/datalake-cleansing-jobs/src/main/scala/com/goodyear/datalake/cleansing/current/jobs/external/geographics/postcodes/autoview/es/CleansingAutoViewPostCodeConversionTask.scala
65,datalake-cleansing,CleansingPolishPostCodeConversionTask,['manual.polishPostCodeConversion'],['clean.polishPostCodeConversion'],https://bitbucket.org/emea_cf/datalake-cleansing/src/master/datalake-cleansing-jobs/src/main/scala/com/goodyear/datalake/cleansing/current/jobs/external/geographics/postcodes/autoview/pl/CleansingPolishPostCodeConversionTask.scala
66,datalake-cleansing,CleansingBAGeostructureConversionTask,['manual.geostructureBAConversion'],['clean.geostructureBAConversion'],https://bitbucket.org/emea_cf/datalake-cleansing/src/master/datalake-cleansing-jobs/src/main/scala/com/goodyear/datalake/cleansing/current/jobs/external/geographics/postcodes/geostructure/ba/CleansingBAGeostructureConversionTask.scala
67,datalake-cleansing,CleansingHRGeostructureConversionTask,['manual.geostructureHRConversion'],['clean.geostructureHRConversion'],https://bitbucket.org/emea_cf/datalake-cleansing/src/master/datalake-cleansing-jobs/src/main/scala/com/goodyear/datalake/cleansing/current/jobs/external/geographics/postcodes/geostructure/hr/CleansingHRGeostructureConversionTask.scala
68,datalake-cleansing,CleansingLTGeostructureConversionTask,['manual.geostructureLTConversion'],['clean.geostructureLTConversion'],https://bitbucket.org/emea_cf/datalake-cleansing/src/master/datalake-cleansing-jobs/src/main/scala/com/goodyear/datalake/cleansing/current/jobs/external/geographics/postcodes/geostructure/lt/CleansingLTGeostructureConversionTask.scala
69,datalake-cleansing,CleansingLVGeostructureConversionTask,['manual.geostructureLVConversion'],['clean.geostructureLVConversion'],https://bitbucket.org/emea_cf/datalake-cleansing/src/master/datalake-cleansing-jobs/src/main/scala/com/goodyear/datalake/cleansing/current/jobs/external/geographics/postcodes/geostructure/lv/CleansingLVGeostructureConversionTask.scala
70,datalake-cleansing,CleansingRSGeostructureConversionTask,['manual.geostructureRSConversion'],['clean.geostructureRSConversion'],https://bitbucket.org/emea_cf/datalake-cleansing/src/master/datalake-cleansing-jobs/src/main/scala/com/goodyear/datalake/cleansing/current/jobs/external/geographics/postcodes/geostructure/rs/CleansingRSGeostructureConversionTask.scala
71,datalake-cleansing,CleansingSIGeostructureConversionTask,['manual.geostructureSIConversion'],['clean.geostructureSIConversion'],https://bitbucket.org/emea_cf/datalake-cleansing/src/master/datalake-cleansing-jobs/src/main/scala/com/goodyear/datalake/cleansing/current/jobs/external/geographics/postcodes/geostructure/si/CleansingSIGeostructureConversionTask.scala
72,datalake-cleansing,CleansingSKGeostructureConversionTask,[],['clean.geostructureSKConversion'],https://bitbucket.org/emea_cf/datalake-cleansing/src/master/datalake-cleansing-jobs/src/main/scala/com/goodyear/datalake/cleansing/current/jobs/external/geographics/postcodes/geostructure/sk/CleansingSKGeostructureConversionTask.scala
73,datalake-cleansing,HereLocationsTask,['raw.hereLocations'],['clean.hereLocations'],https://bitbucket.org/emea_cf/datalake-cleansing/src/master/datalake-cleansing-jobs/src/main/scala/com/goodyear/datalake/cleansing/current/jobs/external/geographics/postcodes/here/HereLocationsTask.scala
74,datalake-cleansing,HereMappingsTask,['raw.hereMapping'],['clean.hereMapping'],https://bitbucket.org/emea_cf/datalake-cleansing/src/master/datalake-cleansing-jobs/src/main/scala/com/goodyear/datalake/cleansing/current/jobs/external/geographics/postcodes/heremapping/HereMappingsTask.scala
75,datalake-cleansing,HereMappingsV2021Task,['raw.hereMappingV2021'],['clean.hereMappingV2021'],https://bitbucket.org/emea_cf/datalake-cleansing/src/master/datalake-cleansing-jobs/src/main/scala/com/goodyear/datalake/cleansing/current/jobs/external/geographics/postcodes/heremappingv2/HereMappingsV2021Task.scala
76,datalake-cleansing,TableauGeoCodeTask,[],['clean.tableauPostcodes'],https://bitbucket.org/emea_cf/datalake-cleansing/src/master/datalake-cleansing-jobs/src/main/scala/com/goodyear/datalake/cleansing/current/jobs/external/geographics/postcodes/tableau/TableauGeoCodeTask.scala
77,datalake-cleansing,CleansingGfkTask,['raw.gfkPricing'],['clean.gfkPricing'],https://bitbucket.org/emea_cf/datalake-cleansing/src/master/datalake-cleansing-jobs/src/main/scala/com/goodyear/datalake/cleansing/current/jobs/external/pricing/gfk/CleansingGfkTask.scala
78,datalake-cleansing,CleansingKnowtrexAllegroTask,['raw.knowtrexAllegro'],['clean.knowtrexAllegro'],https://bitbucket.org/emea_cf/datalake-cleansing/src/master/datalake-cleansing-jobs/src/main/scala/com/goodyear/datalake/cleansing/current/jobs/external/pricing/knowtrex/b2c/allegro/CleansingKnowtrexAllegroTask.scala
79,datalake-cleansing,CleansingKnowtrexEMMasterDataTask,['raw.knowtrexEMMasterData'],['clean.knowtrexEMMasterData'],https://bitbucket.org/emea_cf/datalake-cleansing/src/master/datalake-cleansing-jobs/src/main/scala/com/goodyear/datalake/cleansing/current/jobs/external/pricing/knowtrex/b2c/emmasterdata/CleansingKnowtrexEMMasterDataTask.scala
80,datalake-cleansing,CleansingKnowtrexEMSinglePlatformTask,['raw.knowtrexEMSinglePlatform'],['clean.knowtrexEMSinglePlatform'],https://bitbucket.org/emea_cf/datalake-cleansing/src/master/datalake-cleansing-jobs/src/main/scala/com/goodyear/datalake/cleansing/current/jobs/external/pricing/knowtrex/b2c/emsingleplatform/CleansingKnowtrexEMSinglePlatformTask.scala
81,datalake-cleansing,CleansingKnowtrexLikeForLikeMatchingTask,['raw.knowtrexLikeForLikeMatching'],['clean.knowtrexLikeForLikeMatching'],https://bitbucket.org/emea_cf/datalake-cleansing/src/master/datalake-cleansing-jobs/src/main/scala/com/goodyear/datalake/cleansing/current/jobs/external/pricing/knowtrex/b2c/likeforlikematching/CleansingKnowtrexLikeForLikeMatchingTask.scala
82,datalake-cleansing,CleansingKnowtrexMarketPlatformTask,['raw.knowtrexMarketPlatform'],['clean.knowtrexMarketPlatform'],https://bitbucket.org/emea_cf/datalake-cleansing/src/master/datalake-cleansing-jobs/src/main/scala/com/goodyear/datalake/cleansing/current/jobs/external/pricing/knowtrex/b2c/marketplatform/CleansingKnowtrexMarketPlatformTask.scala
83,datalake-cleansing,CleansingKnowtrexMarketPlatformV2Task,['raw.knowtrexMarketPlatformV2'],['clean.knowtrexMarketPlatformV2'],https://bitbucket.org/emea_cf/datalake-cleansing/src/master/datalake-cleansing-jobs/src/main/scala/com/goodyear/datalake/cleansing/current/jobs/external/pricing/knowtrex/b2c/marketplatformv2/CleansingKnowtrexMarketPlatformV2Task.scala
84,datalake-cleansing,CleansingKnowtrexMasterDataTask,['raw.knowtrexMasterData'],['clean.knowtrexMasterData'],https://bitbucket.org/emea_cf/datalake-cleansing/src/master/datalake-cleansing-jobs/src/main/scala/com/goodyear/datalake/cleansing/current/jobs/external/pricing/knowtrex/b2c/masterdata/CleansingKnowtrexMasterDataTask.scala
85,datalake-cleansing,CleansingKnowtrexSinglePlatformTask,['raw.knowtrexSinglePlatform'],['clean.knowtrexSinglePlatform'],https://bitbucket.org/emea_cf/datalake-cleansing/src/master/datalake-cleansing-jobs/src/main/scala/com/goodyear/datalake/cleansing/current/jobs/external/pricing/knowtrex/b2c/singleplatform/CleansingKnowtrexSinglePlatformTask.scala
86,datalake-cleansing,CleansingKnowtrexSinglePlatformV2Task,['raw.knowtrexSinglePlatformV2'],['clean.knowtrexSinglePlatformV2'],https://bitbucket.org/emea_cf/datalake-cleansing/src/master/datalake-cleansing-jobs/src/main/scala/com/goodyear/datalake/cleansing/current/jobs/external/pricing/knowtrex/b2c/singleplatformv2/CleansingKnowtrexSinglePlatformV2Task.scala
87,datalake-cleansing,CleansingKnowtrexDailyTask,['raw.knowtrexDailyPricing'],['clean.knowtrexDailyPricing'],https://bitbucket.org/emea_cf/datalake-cleansing/src/master/datalake-cleansing-jobs/src/main/scala/com/goodyear/datalake/cleansing/current/jobs/external/pricing/knowtrex/daily/CleansingKnowtrexDailyTask.scala
88,datalake-cleansing,CleansingLizeoMonthlyTask,['raw.lizeoMonthlyPricing'],['clean.lizeoMonthlyPricing'],https://bitbucket.org/emea_cf/datalake-cleansing/src/master/datalake-cleansing-jobs/src/main/scala/com/goodyear/datalake/cleansing/current/jobs/external/pricing/lizeo/monthly/CleansingLizeoMonthlyTask.scala
89,datalake-cleansing,CleansingLizeoWeeklyTask,['raw.lizeoWeeklyPricing'],['clean.lizeoWeeklyPricing'],https://bitbucket.org/emea_cf/datalake-cleansing/src/master/datalake-cleansing-jobs/src/main/scala/com/goodyear/datalake/cleansing/current/jobs/external/pricing/lizeo/weekly/CleansingLizeoWeeklyTask.scala
90,datalake-cleansing,CleansingPlatformaOponTask,['raw.platformaOpon'],['clean.platformaOpon'],https://bitbucket.org/emea_cf/datalake-cleansing/src/master/datalake-cleansing-jobs/src/main/scala/com/goodyear/datalake/cleansing/current/jobs/external/pricing/platformaopon/CleansingPlatformaOponTask.scala
91,datalake-cleansing,Pneub2bTask,['raw.pneub2b'],['clean.pneub2b'],https://bitbucket.org/emea_cf/datalake-cleansing/src/master/datalake-cleansing-jobs/src/main/scala/com/goodyear/datalake/cleansing/current/jobs/external/pricing/pneub2b/Pneub2bTask.scala
92,datalake-cleansing,CleansingSellinTask,['manual.sellinPricing'],['clean.sellinPricing'],https://bitbucket.org/emea_cf/datalake-cleansing/src/master/datalake-cleansing-jobs/src/main/scala/com/goodyear/datalake/cleansing/current/jobs/external/pricing/sellin/CleansingSellinTask.scala
93,datalake-cleansing,CleansingTire24DailyTask,['raw.tire24DailyPricing'],['clean.tire24DailyPricing'],https://bitbucket.org/emea_cf/datalake-cleansing/src/master/datalake-cleansing-jobs/src/main/scala/com/goodyear/datalake/cleansing/current/jobs/external/pricing/tire24/daily/CleansingTire24DailyTask.scala
94,datalake-cleansing,CleansingTireOnlineCommercialTask,['raw.tireOnlineCommercial'],['clean.tireOnlineCommercial'],https://bitbucket.org/emea_cf/datalake-cleansing/src/master/datalake-cleansing-jobs/src/main/scala/com/goodyear/datalake/cleansing/current/jobs/external/pricing/tireonline/commercial/CleansingTireOnlineCommercialTask.scala
95,datalake-cleansing,CleansingTireOnlineConsumerTask,['raw.tireOnlineConsumer'],['clean.tireOnlineConsumer'],https://bitbucket.org/emea_cf/datalake-cleansing/src/master/datalake-cleansing-jobs/src/main/scala/com/goodyear/datalake/cleansing/current/jobs/external/pricing/tireonline/consumer/CleansingTireOnlineConsumerTask.scala
96,datalake-cleansing,Cleansing07zrTask,['raw.zero7zrPricing'],['clean.zero7zrPricing'],https://bitbucket.org/emea_cf/datalake-cleansing/src/master/datalake-cleansing-jobs/src/main/scala/com/goodyear/datalake/cleansing/current/jobs/external/pricing/zero7zr/Cleansing07zrTask.scala
97,datalake-cleansing,CarLookupTask,['manual.carLookup'],['clean.carLookup'],https://bitbucket.org/emea_cf/datalake-cleansing/src/master/datalake-cleansing-jobs/src/main/scala/com/goodyear/datalake/cleansing/current/jobs/external/vehicledata/carlookup/CarLookupTask.scala
98,datalake-cleansing,CleansingABHCarParkTask,['v.raws'],"['v.cleans', 'v.dirtys']",https://bitbucket.org/emea_cf/datalake-cleansing/src/master/datalake-cleansing-jobs/src/main/scala/com/goodyear/datalake/cleansing/current/jobs/external/vehicledata/carpark/abh/CleansingABHCarParkTask.scala
99,datalake-cleansing,DenmarkCarParkTask,['manual.denmarkCarPark'],['clean.denmarkCarPark.by2019.link'],https://bitbucket.org/emea_cf/datalake-cleansing/src/master/datalake-cleansing-jobs/src/main/scala/com/goodyear/datalake/cleansing/current/jobs/external/vehicledata/carpark/denmark/DenmarkCarParkTask.scala
100,datalake-cleansing,CleansingExperianTirePark2018Task,['manual.experianTirePark.by2019'],"['clean.experianTirePark.by2019.link', 'clean.experianTirePark.by2019Rejected.link']",https://bitbucket.org/emea_cf/datalake-cleansing/src/master/datalake-cleansing-jobs/src/main/scala/com/goodyear/datalake/cleansing/current/jobs/external/vehicledata/carpark/experian/CleansingExperianTirePark2018Task.scala
101,datalake-cleansing,CleansingExperianTirePark2020Task,['manual.experianTirePark.by2020'],"['clean.experianTirePark.by2020.link', 'clean.experianTirePark.by2020Rejected.link']",https://bitbucket.org/emea_cf/datalake-cleansing/src/master/datalake-cleansing-jobs/src/main/scala/com/goodyear/datalake/cleansing/current/jobs/external/vehicledata/carpark/experian/CleansingExperianTirePark2020Task.scala
102,datalake-cleansing,FrenchCarParkTask,['manual.frenchCarPark.prd'],['clean.frenchCarPark.by2019.link'],https://bitbucket.org/emea_cf/datalake-cleansing/src/master/datalake-cleansing-jobs/src/main/scala/com/goodyear/datalake/cleansing/current/jobs/external/vehicledata/carpark/france/FrenchCarParkTask.scala
103,datalake-cleansing,CleansingGermanyTirePark2018Task,['manual.germanTirePark.by2019'],['clean.germanTirePark.by2019.link'],https://bitbucket.org/emea_cf/datalake-cleansing/src/master/datalake-cleansing-jobs/src/main/scala/com/goodyear/datalake/cleansing/current/jobs/external/vehicledata/carpark/germany/CleansingGermanyTirePark2018Task.scala
104,datalake-cleansing,CleansingGermanyTirePark2020Task,['manual.germanTirePark.by2020'],['clean.germanTirePark.by2020.link'],https://bitbucket.org/emea_cf/datalake-cleansing/src/master/datalake-cleansing-jobs/src/main/scala/com/goodyear/datalake/cleansing/current/jobs/external/vehicledata/carpark/germany/CleansingGermanyTirePark2020Task.scala
105,datalake-cleansing,CleansingTecAllianceCarPark2019Task,['manual.tecAllianceCarPark.by2019'],['clean.tecAllianceCarPark.by2019.link'],https://bitbucket.org/emea_cf/datalake-cleansing/src/master/datalake-cleansing-jobs/src/main/scala/com/goodyear/datalake/cleansing/current/jobs/external/vehicledata/carpark/tecalliance/year2019/CleansingTecAllianceCarPark2019Task.scala
106,datalake-cleansing,ExtrapolatedCarParkTask,['manual.extrapolatedCarPark'],['clean.extrapolatedCarPark'],https://bitbucket.org/emea_cf/datalake-cleansing/src/master/datalake-cleansing-jobs/src/main/scala/com/goodyear/datalake/cleansing/current/jobs/external/vehicledata/extrapolatedcarpark/ExtrapolatedCarParkTask.scala
107,datalake-cleansing,CleansingSkuPriorityTask,['manual.skuPriority'],"['clean.skuPriority', 'clean.skuPriorityRejected']",https://bitbucket.org/emea_cf/datalake-cleansing/src/master/datalake-cleansing-jobs/src/main/scala/com/goodyear/datalake/cleansing/current/jobs/external/vehicledata/skupriority/CleansingSkuPriorityTask.scala
108,datalake-cleansing,StrimFutureForecastTask,['manual.strimFutureForecast'],['clean.strimFutureForecast'],https://bitbucket.org/emea_cf/datalake-cleansing/src/master/datalake-cleansing-jobs/src/main/scala/com/goodyear/datalake/cleansing/current/jobs/external/vehicledata/strimfutureforecast/StrimFutureForecastTask.scala
109,datalake-cleansing,SurvivalRateTask,['manual.survivalRate'],['clean.survivalRate'],https://bitbucket.org/emea_cf/datalake-cleansing/src/master/datalake-cleansing-jobs/src/main/scala/com/goodyear/datalake/cleansing/current/jobs/external/vehicledata/survivalrate/SurvivalRateTask.scala
110,datalake-cleansing,VehicleFitmentV2021Task,['manual.vehicleFitmentV2021p02'],['clean.vehicleFitmentV2021'],https://bitbucket.org/emea_cf/datalake-cleansing/src/master/datalake-cleansing-jobs/src/main/scala/com/goodyear/datalake/cleansing/current/jobs/external/vehicledata/tirefitments/bmf/v2021p02/VehicleFitmentV2021Task.scala
111,datalake-cleansing,VehicleFitmentTask,['manual.vehicleFitment'],['clean.vehicleFitment'],https://bitbucket.org/emea_cf/datalake-cleansing/src/master/datalake-cleansing-jobs/src/main/scala/com/goodyear/datalake/cleansing/current/jobs/external/vehicledata/tirefitments/bmf/VehicleFitmentTask.scala
112,datalake-cleansing,BmfToTecDocMappingTask,['manual.bmfToTecDocMapping'],['clean.bmfToTecDocMapping'],https://bitbucket.org/emea_cf/datalake-cleansing/src/master/datalake-cleansing-jobs/src/main/scala/com/goodyear/datalake/cleansing/current/jobs/external/vehicledata/tirefitments/bmftotecdocmapping/BmfToTecDocMappingTask.scala
113,datalake-cleansing,TecAllianceFitmentTask,['rawLink'],['cleanLink'],https://bitbucket.org/emea_cf/datalake-cleansing/src/master/datalake-cleansing-jobs/src/main/scala/com/goodyear/datalake/cleansing/current/jobs/external/vehicledata/tirefitments/tecalliance/TecAllianceFitmentTask.scala
114,datalake-cleansing,CleansingTecAllianceUpstepTask,"['manual.tecAllianceUpstep2016', 'manual.tecAllianceUpstep2017', 'manual.tecAllianceUpstep2018', 'manual.tecAllianceUpstep2018']","['clean.tecAllianceUpstep2016', 'clean.tecAllianceUpstep2017', 'clean.tecAllianceUpstep2018', 'clean.tecAllianceUpstep2019']",https://bitbucket.org/emea_cf/datalake-cleansing/src/master/datalake-cleansing-jobs/src/main/scala/com/goodyear/datalake/cleansing/current/jobs/external/vehicledata/tirefitments/tecalliance/upstep/CleansingTecAllianceUpstepTask.scala
115,datalake-cleansing,CleansingUkTireReplacementCurvesTask,['manual.ukTireReplacementCurves'],['clean.ukTireReplacementCurves'],https://bitbucket.org/emea_cf/datalake-cleansing/src/master/datalake-cleansing-jobs/src/main/scala/com/goodyear/datalake/cleansing/current/jobs/external/vehicledata/tirereplacementcurves/CleansingUkTireReplacementCurvesTask.scala
116,datalake-cleansing,CleansingIhsSegmentsTask,['manual.ihsSegments'],['clean.ihsSegments'],https://bitbucket.org/emea_cf/datalake-cleansing/src/master/datalake-cleansing-jobs/src/main/scala/com/goodyear/datalake/cleansing/current/jobs/external/vehicledata/vehiclesegments/ihssegments/CleansingIhsSegmentsTask.scala
117,datalake-cleansing,IhsSegmentsTask,[],['clean.ihsSegments2021_01_05'],https://bitbucket.org/emea_cf/datalake-cleansing/src/master/datalake-cleansing-jobs/src/main/scala/com/goodyear/datalake/cleansing/current/jobs/external/vehicledata/vehiclesegments/ihssegments/v20210105/IhsSegmentsTask.scala
118,datalake-cleansing,CleansingVehicleSegmentConversionTask,['manual.segmentConversion'],['clean.segmentConversion'],https://bitbucket.org/emea_cf/datalake-cleansing/src/master/datalake-cleansing-jobs/src/main/scala/com/goodyear/datalake/cleansing/current/jobs/external/vehicledata/vehiclesegments/segmentconversion/CleansingVehicleSegmentConversionTask.scala
119,datalake-cleansing,VendavoTransactionsTask,['raw.vendavoTransactions'],['clean.vendavoTransactions'],https://bitbucket.org/emea_cf/datalake-cleansing/src/master/datalake-cleansing-jobs/src/main/scala/com/goodyear/datalake/cleansing/current/jobs/external/vendavotransactions/VendavoTransactionsTask.scala
120,datalake-cleansing,ActivationBrandTask,['raw.activationBrands'],['clean.activationBrands'],https://bitbucket.org/emea_cf/datalake-cleansing/src/master/datalake-cleansing-jobs/src/main/scala/com/goodyear/datalake/cleansing/current/jobs/internal/activations/brand/ActivationBrandTask.scala
121,datalake-cleansing,ActivationCampaignTask,[],['clean.activationCampaign'],https://bitbucket.org/emea_cf/datalake-cleansing/src/master/datalake-cleansing-jobs/src/main/scala/com/goodyear/datalake/cleansing/current/jobs/internal/activations/campaign/ActivationCampaignTask.scala
122,datalake-cleansing,ActivationCampaignsTask,['raw.activationCampaigns'],['clean.activationCampaigns'],https://bitbucket.org/emea_cf/datalake-cleansing/src/master/datalake-cleansing-jobs/src/main/scala/com/goodyear/datalake/cleansing/current/jobs/internal/activations/campaigns/ActivationCampaignsTask.scala
123,datalake-cleansing,ActivationCampaignTypeTask,['raw.activationCampaignType'],['clean.activationCampaignType'],https://bitbucket.org/emea_cf/datalake-cleansing/src/master/datalake-cleansing-jobs/src/main/scala/com/goodyear/datalake/cleansing/current/jobs/internal/activations/campaign_type/ActivationCampaignTypeTask.scala
124,datalake-cleansing,ActivationPosTask,['raw.activationPos'],['clean.activationPos'],https://bitbucket.org/emea_cf/datalake-cleansing/src/master/datalake-cleansing-jobs/src/main/scala/com/goodyear/datalake/cleansing/current/jobs/internal/activations/pos_activated/ActivationPosTask.scala
125,datalake-cleansing,ActivationRimTask,[],['clean.activationRims'],https://bitbucket.org/emea_cf/datalake-cleansing/src/master/datalake-cleansing-jobs/src/main/scala/com/goodyear/datalake/cleansing/current/jobs/internal/activations/rims/ActivationRimTask.scala
126,datalake-cleansing,ActivationSeasonTask,['raw.activationSeasons'],['clean.activationSeasons'],https://bitbucket.org/emea_cf/datalake-cleansing/src/master/datalake-cleansing-jobs/src/main/scala/com/goodyear/datalake/cleansing/current/jobs/internal/activations/seasons/ActivationSeasonTask.scala
127,datalake-cleansing,ActivationZipTask,['raw.activationZips'],['clean.activationZips'],https://bitbucket.org/emea_cf/datalake-cleansing/src/master/datalake-cleansing-jobs/src/main/scala/com/goodyear/datalake/cleansing/current/jobs/internal/activations/zip_activated/ActivationZipTask.scala
128,datalake-cleansing,EraCoefficientV2Task,[],['clean.eraCoefficientV2'],https://bitbucket.org/emea_cf/datalake-cleansing/src/master/datalake-cleansing-jobs/src/main/scala/com/goodyear/datalake/cleansing/current/jobs/internal/aldi/pforp/availability/coefficient/EraCoefficientV2Task.scala
129,datalake-cleansing,RangeAvailabilityV2Task,[],['clean.rangeAvailabilityV2'],https://bitbucket.org/emea_cf/datalake-cleansing/src/master/datalake-cleansing-jobs/src/main/scala/com/goodyear/datalake/cleansing/current/jobs/internal/aldi/pforp/availability/RangeAvailabilityV2Task.scala
130,datalake-cleansing,SizeClassificationTask,['manual.sizeClassification'],['clean.sizeClassification'],https://bitbucket.org/emea_cf/datalake-cleansing/src/master/datalake-cleansing-jobs/src/main/scala/com/goodyear/datalake/cleansing/current/jobs/internal/aldi/pforp/classification/SizeClassificationTask.scala
131,datalake-cleansing,SccAmountTask,['raw.sccAmounts'],['clean.sccAmounts'],https://bitbucket.org/emea_cf/datalake-cleansing/src/master/datalake-cleansing-jobs/src/main/scala/com/goodyear/datalake/cleansing/current/jobs/internal/aldi/pforp/scc/amounts/SccAmountTask.scala
132,datalake-cleansing,SccMonthTask,[],['clean.sccMonths'],https://bitbucket.org/emea_cf/datalake-cleansing/src/master/datalake-cleansing-jobs/src/main/scala/com/goodyear/datalake/cleansing/current/jobs/internal/aldi/pforp/scc/months/SccMonthTask.scala
133,datalake-cleansing,SalesBonusTask,[],['clean.salesBonuses'],https://bitbucket.org/emea_cf/datalake-cleansing/src/master/datalake-cleansing-jobs/src/main/scala/com/goodyear/datalake/cleansing/current/jobs/internal/c4c/salesmanbonus/SalesBonusTask.scala
134,datalake-cleansing,MRIForecastTask,['raw.commercial.mriForecast'],"['clean.commercial.mriTireForecast', 'clean.commercial.mriTireForecastRejected', 'clean.commercial.mriRetreadForecast', 'clean.commercial.mriRetreadForecastRejected']",https://bitbucket.org/emea_cf/datalake-cleansing/src/master/datalake-cleansing-jobs/src/main/scala/com/goodyear/datalake/cleansing/current/jobs/internal/commercial/mriforecast/MRIForecastTask.scala
135,datalake-cleansing,AdDistanceMatrixCacheTask,['raw.adDistanceMatrixCache'],['clean.adDistanceMatrixCache'],https://bitbucket.org/emea_cf/datalake-cleansing/src/master/datalake-cleansing-jobs/src/main/scala/com/goodyear/datalake/cleansing/current/jobs/internal/distancematrix/cache/aldi/AdDistanceMatrixCacheTask.scala
136,datalake-cleansing,DistanceMatrixCacheTask,['raw.distanceMatrixCache'],['clean.distanceMatrixCache'],https://bitbucket.org/emea_cf/datalake-cleansing/src/master/datalake-cleansing-jobs/src/main/scala/com/goodyear/datalake/cleansing/current/jobs/internal/distancematrix/cache/DistanceMatrixCacheTask.scala
137,datalake-cleansing,BeadbarCodeEventTask,['raw.beadbarCodeEvent'],['clean.beadbarCodeEvent'],https://bitbucket.org/emea_cf/datalake-cleansing/src/master/datalake-cleansing-jobs/src/main/scala/com/goodyear/datalake/cleansing/current/jobs/internal/edw/beadbarcodeevent/BeadbarCodeEventTask.scala
138,datalake-cleansing,CleansingCopaTask,['raw.copa'],['clean.copa'],https://bitbucket.org/emea_cf/datalake-cleansing/src/master/datalake-cleansing-jobs/src/main/scala/com/goodyear/datalake/cleansing/current/jobs/internal/edw/copa/CleansingCopaTask.scala
139,datalake-cleansing,CleansingCountryTask,['raw.country'],['clean.country'],https://bitbucket.org/emea_cf/datalake-cleansing/src/master/datalake-cleansing-jobs/src/main/scala/com/goodyear/datalake/cleansing/current/jobs/internal/edw/country/CleansingCountryTask.scala
140,datalake-cleansing,CleansingCountryExportMappingTask,['raw.countryExportMapping'],['clean.countryExportMapping'],https://bitbucket.org/emea_cf/datalake-cleansing/src/master/datalake-cleansing-jobs/src/main/scala/com/goodyear/datalake/cleansing/current/jobs/internal/edw/countryexportmapping/CleansingCountryExportMappingTask.scala
141,datalake-cleansing,CountryHierarchyTask,['raw.countryHierarchy'],['clean.countryHierarchy'],https://bitbucket.org/emea_cf/datalake-cleansing/src/master/datalake-cleansing-jobs/src/main/scala/com/goodyear/datalake/cleansing/current/jobs/internal/edw/countryhierarchy/CountryHierarchyTask.scala
142,datalake-cleansing,CustomerHierarchyTask,['raw.customerHierarchy'],['clean.customerHierarchy'],https://bitbucket.org/emea_cf/datalake-cleansing/src/master/datalake-cleansing-jobs/src/main/scala/com/goodyear/datalake/cleansing/current/jobs/internal/edw/customerhierarchy/CustomerHierarchyTask.scala
143,datalake-cleansing,CustomersTask,['raw.edwCustomers'],['clean.edwCustomers'],https://bitbucket.org/emea_cf/datalake-cleansing/src/master/datalake-cleansing-jobs/src/main/scala/com/goodyear/datalake/cleansing/current/jobs/internal/edw/customers/CustomersTask.scala
144,datalake-cleansing,CleansingDemandPlanningTask,['raw.edwDemandPlanning'],['clean.edwDemandPlanning'],https://bitbucket.org/emea_cf/datalake-cleansing/src/master/datalake-cleansing-jobs/src/main/scala/com/goodyear/datalake/cleansing/current/jobs/internal/edw/demandplanning/CleansingDemandPlanningTask.scala
145,datalake-cleansing,CleansingEuropoolBrandTask,['raw.EDWEuropoolBrand'],['clean.EDWEuropoolBrand'],https://bitbucket.org/emea_cf/datalake-cleansing/src/master/datalake-cleansing-jobs/src/main/scala/com/goodyear/datalake/cleansing/current/jobs/internal/edw/europool/brand/CleansingEuropoolBrandTask.scala
146,datalake-cleansing,CleansingEuropoolPotentialsTask,['raw.EDWEuropoolPotentials'],['clean.EDWEuropoolPotentials'],https://bitbucket.org/emea_cf/datalake-cleansing/src/master/datalake-cleansing-jobs/src/main/scala/com/goodyear/datalake/cleansing/current/jobs/internal/edw/europool/potentials/CleansingEuropoolPotentialsTask.scala
147,datalake-cleansing,CleansingEuropoolSalesTask,['raw.EDWEuropoolSales'],['clean.EDWEuropoolSales'],https://bitbucket.org/emea_cf/datalake-cleansing/src/master/datalake-cleansing-jobs/src/main/scala/com/goodyear/datalake/cleansing/current/jobs/internal/edw/europool/sales/CleansingEuropoolSalesTask.scala
148,datalake-cleansing,CleansingEuropoolSegmentR3Task,['raw.EDWEuropoolSegmentR3'],['clean.EDWEuropoolSegmentR3'],https://bitbucket.org/emea_cf/datalake-cleansing/src/master/datalake-cleansing-jobs/src/main/scala/com/goodyear/datalake/cleansing/current/jobs/internal/edw/europool/segmentR3/CleansingEuropoolSegmentR3Task.scala
149,datalake-cleansing,CleansingExchangeRatesTask,['raw.edwExchangeRates'],['clean.edwExchangeRates'],https://bitbucket.org/emea_cf/datalake-cleansing/src/master/datalake-cleansing-jobs/src/main/scala/com/goodyear/datalake/cleansing/current/jobs/internal/edw/exchangerates/CleansingExchangeRatesTask.scala
150,datalake-cleansing,CleansingFloorPriceTask,['raw.floorPrice'],['clean.floorPrice'],https://bitbucket.org/emea_cf/datalake-cleansing/src/master/datalake-cleansing-jobs/src/main/scala/com/goodyear/datalake/cleansing/current/jobs/internal/edw/floorprice/CleansingFloorPriceTask.scala
151,datalake-cleansing,InventoryTask,[],['clean.inventory'],https://bitbucket.org/emea_cf/datalake-cleansing/src/master/datalake-cleansing-jobs/src/main/scala/com/goodyear/datalake/cleansing/current/jobs/internal/edw/inventory/InventoryTask.scala
152,datalake-cleansing,CleansingMaterialClassificationTask,['raw.marketshareMaterialClassification'],['clean.marketshareMaterialClassification'],https://bitbucket.org/emea_cf/datalake-cleansing/src/master/datalake-cleansing-jobs/src/main/scala/com/goodyear/datalake/cleansing/current/jobs/internal/edw/marketshare/materialclassification/CleansingMaterialClassificationTask.scala
153,datalake-cleansing,CleansingSizeTypeMartTask,['raw.marketshareSizeTypeMart'],['clean.marketshareSizeTypeMart'],https://bitbucket.org/emea_cf/datalake-cleansing/src/master/datalake-cleansing-jobs/src/main/scala/com/goodyear/datalake/cleansing/current/jobs/internal/edw/marketshare/sizetypemart/CleansingSizeTypeMartTask.scala
154,datalake-cleansing,CleansingMaterialTask,[],[],https://bitbucket.org/emea_cf/datalake-cleansing/src/master/datalake-cleansing-jobs/src/main/scala/com/goodyear/datalake/cleansing/current/jobs/internal/edw/material/CleansingMaterialTask.scala
155,datalake-cleansing,MaterialPredecessorTask,[],['clean.materialPredecessor'],https://bitbucket.org/emea_cf/datalake-cleansing/src/master/datalake-cleansing-jobs/src/main/scala/com/goodyear/datalake/cleansing/current/jobs/internal/edw/materialpredecessor/MaterialPredecessorTask.scala
156,datalake-cleansing,CleansingMaterialSalesOrgTask,['raw.edwMaterialSales'],['clean.edwMaterialSales'],https://bitbucket.org/emea_cf/datalake-cleansing/src/master/datalake-cleansing-jobs/src/main/scala/com/goodyear/datalake/cleansing/current/jobs/internal/edw/materialsalesorg/CleansingMaterialSalesOrgTask.scala
157,datalake-cleansing,NetSalesTask,['raw.netSales'],['clean.netSales'],https://bitbucket.org/emea_cf/datalake-cleansing/src/master/datalake-cleansing-jobs/src/main/scala/com/goodyear/datalake/cleansing/current/jobs/internal/edw/netsales/NetSalesTask.scala
158,datalake-cleansing,CleansingOrderToCashMartTask,['raw.orderToCashMart'],['clean.orderToCashMart'],https://bitbucket.org/emea_cf/datalake-cleansing/src/master/datalake-cleansing-jobs/src/main/scala/com/goodyear/datalake/cleansing/current/jobs/internal/edw/otcmart/CleansingOrderToCashMartTask.scala
159,datalake-cleansing,PayerShipToLinkTask,['raw.payerShipToLink'],['clean.payerShipToLink'],https://bitbucket.org/emea_cf/datalake-cleansing/src/master/datalake-cleansing-jobs/src/main/scala/com/goodyear/datalake/cleansing/current/jobs/internal/edw/payershiptolink/PayerShipToLinkTask.scala
160,datalake-cleansing,RetailInventoryTask,[],['clean.retailInventory'],https://bitbucket.org/emea_cf/datalake-cleansing/src/master/datalake-cleansing-jobs/src/main/scala/com/goodyear/datalake/cleansing/current/jobs/internal/edw/retail/inventory/RetailInventoryTask.scala
161,datalake-cleansing,RetailLocalProductMasterTask,[],['clean.retailLocalProductMaster'],https://bitbucket.org/emea_cf/datalake-cleansing/src/master/datalake-cleansing-jobs/src/main/scala/com/goodyear/datalake/cleansing/current/jobs/internal/edw/retail/localproductmaster/RetailLocalProductMasterTask.scala
162,datalake-cleansing,RetailSellOutTask,[],['clean.retailSellOut'],https://bitbucket.org/emea_cf/datalake-cleansing/src/master/datalake-cleansing-jobs/src/main/scala/com/goodyear/datalake/cleansing/current/jobs/internal/edw/retail/sellout/RetailSellOutTask.scala
163,datalake-cleansing,SellInTask,['raw.sellIn'],['clean.sellIn'],https://bitbucket.org/emea_cf/datalake-cleansing/src/master/datalake-cleansing-jobs/src/main/scala/com/goodyear/datalake/cleansing/current/jobs/internal/edw/sellin/SellInTask.scala
164,datalake-cleansing,WholeSaleIntegrationTask,[],['clean.wholeSaleIntegration'],https://bitbucket.org/emea_cf/datalake-cleansing/src/master/datalake-cleansing-jobs/src/main/scala/com/goodyear/datalake/cleansing/current/jobs/internal/edw/wsiorders/WholeSaleIntegrationTask.scala
165,datalake-cleansing,ActivePricingProductsTask,['manual.activePricingProducts'],['clean.activePricingProducts'],https://bitbucket.org/emea_cf/datalake-cleansing/src/master/datalake-cleansing-jobs/src/main/scala/com/goodyear/datalake/cleansing/current/jobs/internal/manual/activepricingproducts/ActivePricingProductsTask.scala
166,datalake-cleansing,BrandToTierMappingTask,['manual.brandToTierMapping'],['clean.brandToTierMapping'],https://bitbucket.org/emea_cf/datalake-cleansing/src/master/datalake-cleansing-jobs/src/main/scala/com/goodyear/datalake/cleansing/current/jobs/internal/manual/brandtotiermapping/BrandToTierMappingTask.scala
167,datalake-cleansing,CleansingDesignPriorityTask,['manual.designPriority'],['clean.designPriority'],https://bitbucket.org/emea_cf/datalake-cleansing/src/master/datalake-cleansing-jobs/src/main/scala/com/goodyear/datalake/cleansing/current/jobs/internal/manual/designpriority/CleansingDesignPriorityTask.scala
168,datalake-cleansing,CleansingStandardVatByCountryTask,['manual.standardVatByCountry'],['clean.standardVatByCountry'],https://bitbucket.org/emea_cf/datalake-cleansing/src/master/datalake-cleansing-jobs/src/main/scala/com/goodyear/datalake/cleansing/current/jobs/internal/manual/vatbycountry/CleansingStandardVatByCountryTask.scala
169,datalake-cleansing,CleansingTirePortalTrackDataTask,['raw.tirePortalTrackData'],['clean.tirePortalTrackData'],https://bitbucket.org/emea_cf/datalake-cleansing/src/master/datalake-cleansing-jobs/src/main/scala/com/goodyear/datalake/cleansing/current/jobs/internal/myway/tireportaltrackdata/CleansingTirePortalTrackDataTask.scala
170,datalake-cleansing,CleansingTrackDataXMLTask,['raw.trackDataXML'],['clean.trackDataXML'],https://bitbucket.org/emea_cf/datalake-cleansing/src/master/datalake-cleansing-jobs/src/main/scala/com/goodyear/datalake/cleansing/current/jobs/internal/myway/trackdataxml/CleansingTrackDataXMLTask.scala
171,datalake-cleansing,PointOfSalesGeoCodingResultsTask,['manual.pointOfSalesGeoCodingResults'],['clean.pointOfSaleGeoCodingResults'],https://bitbucket.org/emea_cf/datalake-cleansing/src/master/datalake-cleansing-jobs/src/main/scala/com/goodyear/datalake/cleansing/current/jobs/internal/pointofsale/geocoded/PointOfSalesGeoCodingResultsTask.scala
172,datalake-cleansing,PosLookupTask,['manual.pointOfSaleLookup'],['clean.pointOfSaleLookup'],https://bitbucket.org/emea_cf/datalake-cleansing/src/master/datalake-cleansing-jobs/src/main/scala/com/goodyear/datalake/cleansing/current/jobs/internal/pointofsale/lookup/PosLookupTask.scala
173,datalake-cleansing,CleansingBasketDefinitionTask,['raw.basketDefinition'],['clean.basketDefinition'],https://bitbucket.org/emea_cf/datalake-cleansing/src/master/datalake-cleansing-jobs/src/main/scala/com/goodyear/datalake/cleansing/current/jobs/internal/pricing/basketdefinition/CleansingBasketDefinitionTask.scala
174,datalake-cleansing,CleansingDesignMappingGFKGoodyearTask,['raw.designMappingGFKGoodyear'],['clean.designMappingGFKGoodyear'],https://bitbucket.org/emea_cf/datalake-cleansing/src/master/datalake-cleansing-jobs/src/main/scala/com/goodyear/datalake/cleansing/current/jobs/internal/pricing/designmappinggfkgoodyear/CleansingDesignMappingGFKGoodyearTask.scala
175,datalake-cleansing,CleansingGroupedToBasketSizeTypeMappingTask,['raw.groupedToBasketSizeTypeMapping'],['clean.groupedToBasketSizeTypeMapping'],https://bitbucket.org/emea_cf/datalake-cleansing/src/master/datalake-cleansing-jobs/src/main/scala/com/goodyear/datalake/cleansing/current/jobs/internal/pricing/groupedtobasketsizetypemapping/CleansingGroupedToBasketSizeTypeMappingTask.scala
176,datalake-cleansing,CleansingPlatformCustomerMappingTask,['raw.platformCustomerMapping'],['clean.platformCustomerMapping'],https://bitbucket.org/emea_cf/datalake-cleansing/src/master/datalake-cleansing-jobs/src/main/scala/com/goodyear/datalake/cleansing/current/jobs/internal/pricing/platformcustomermapping/CleansingPlatformCustomerMappingTask.scala
177,datalake-cleansing,CleansingOffersAppBeadbarcodeTask,['raw.offersAppBeadbarcode'],['clean.offersAppBeadbarcode'],https://bitbucket.org/emea_cf/datalake-cleansing/src/master/datalake-cleansing-jobs/src/main/scala/com/goodyear/datalake/cleansing/current/jobs/internal/pricing/suspiciousoffersapp/beadbarcode/CleansingOffersAppBeadbarcodeTask.scala
178,datalake-cleansing,CleansingOffersAppCaseTask,['raw.offersAppCase'],['clean.offersAppCase'],https://bitbucket.org/emea_cf/datalake-cleansing/src/master/datalake-cleansing-jobs/src/main/scala/com/goodyear/datalake/cleansing/current/jobs/internal/pricing/suspiciousoffersapp/case/CleansingOffersAppCaseTask.scala
179,datalake-cleansing,CleansingOffersAppSkuTask,['raw.offersAppSku'],['clean.offersAppSku'],https://bitbucket.org/emea_cf/datalake-cleansing/src/master/datalake-cleansing-jobs/src/main/scala/com/goodyear/datalake/cleansing/current/jobs/internal/pricing/suspiciousoffersapp/sku/CleansingOffersAppSkuTask.scala
180,datalake-cleansing,CompetitorsTask,['manual.retailCompetitors'],['clean.retailCompetitors'],https://bitbucket.org/emea_cf/datalake-cleansing/src/master/datalake-cleansing-jobs/src/main/scala/com/goodyear/datalake/cleansing/current/jobs/internal/retail/competitors/CompetitorsTask.scala
181,datalake-cleansing,RegionalProductMasterTask,['raw.retailRegionalProductMaster'],['clean.retailRegionalProductMaster'],https://bitbucket.org/emea_cf/datalake-cleansing/src/master/datalake-cleansing-jobs/src/main/scala/com/goodyear/datalake/cleansing/current/jobs/internal/retail/product/RegionalProductMasterTask.scala
182,datalake-cleansing,CleansingOEFitmentsTask,['manual.oeFitments'],"['clean.oeFitments', 'clean.oeFitmentsRejected']",https://bitbucket.org/emea_cf/datalake-cleansing/src/master/datalake-cleansing-jobs/src/main/scala/com/goodyear/datalake/cleansing/current/jobs/internal/sharepoint/oefitments/CleansingOEFitmentsTask.scala
183,datalake-cleansing,CleansingBmfWholesalerStockDataTask,['raw.bmfWholesalerStockData'],['clean.bmfWholesalerStockData'],https://bitbucket.org/emea_cf/datalake-cleansing/src/master/datalake-cleansing-jobs/src/main/scala/com/goodyear/datalake/cleansing/current/jobs/internal/stock/bmfwholesalerstockdata/CleansingBmfWholesalerStockDataTask.scala
184,datalake-cleansing,CleansingStockReportTask,['raw.stockReport'],['clean.stockReport'],https://bitbucket.org/emea_cf/datalake-cleansing/src/master/datalake-cleansing-jobs/src/main/scala/com/goodyear/datalake/cleansing/current/jobs/internal/stock/stockreport/CleansingStockReportTask.scala
185,datalake-cleansing,CleansingABHCarParkTask,['v.raws'],"['v.cleans', 'v.dirtys']",https://bitbucket.org/emea_cf/datalake-cleansing/src/master/datalake-cleansing-jobs/src/main/scala/com/goodyear/datalake/cleansing/legacy/jobs/external/vehicledata/carpark/abh/CleansingABHCarParkTask.scala
186,datalake-cleansing,CleansingExperianTirePark2016Task,['manual.experianTirePark.v2016Q4'],"['cleanLegacy.experianTirePark.v2016Q4', 'cleanLegacy.experianTirePark.v2016Q4Rejected']",https://bitbucket.org/emea_cf/datalake-cleansing/src/master/datalake-cleansing-jobs/src/main/scala/com/goodyear/datalake/cleansing/legacy/jobs/external/vehicledata/carpark/experian/CleansingExperianTirePark2016Task.scala
187,datalake-cleansing,CleansingExperianTirePark2017Task,['manual.experianTirePark.v2017Q4'],"['cleanLegacy.experianTirePark.v2017Q4', 'cleanLegacy.experianTirePark.v2017Q4Rejected']",https://bitbucket.org/emea_cf/datalake-cleansing/src/master/datalake-cleansing-jobs/src/main/scala/com/goodyear/datalake/cleansing/legacy/jobs/external/vehicledata/carpark/experian/CleansingExperianTirePark2017Task.scala
188,datalake-cleansing,CleansingExperianTirePark2019Task,['manual.experianTirePark.v2019Q4'],"['cleanLegacy.experianTirePark.v2019Q4', 'cleanLegacy.experianTirePark.v2019Q4Rejected']",https://bitbucket.org/emea_cf/datalake-cleansing/src/master/datalake-cleansing-jobs/src/main/scala/com/goodyear/datalake/cleansing/legacy/jobs/external/vehicledata/carpark/experian/CleansingExperianTirePark2019Task.scala
189,datalake-cleansing,CleansingGermanyTirePark2017Task,['manual.germanTirePark.v2017'],['cleanLegacy.germanTirePark.v2017'],https://bitbucket.org/emea_cf/datalake-cleansing/src/master/datalake-cleansing-jobs/src/main/scala/com/goodyear/datalake/cleansing/legacy/jobs/external/vehicledata/carpark/germany/CleansingGermanyTirePark2017Task.scala
190,datalake-cleansing,CleansingTecAllianceCarParkHistoricalTask,['manual.tecAllianceCarParkHistorical'],['cleanLegacy.tecAllianceCarParkHistorical'],https://bitbucket.org/emea_cf/datalake-cleansing/src/master/datalake-cleansing-jobs/src/main/scala/com/goodyear/datalake/cleansing/legacy/jobs/external/vehicledata/carpark/tecalliance/historical/CleansingTecAllianceCarParkHistoricalTask.scala
191,datalake-cleansing,CleansingTecAllianceCarPark2016Task,['manual.tecAllianceCarPark.v2016'],['cleanLegacy.tecAllianceCarPark.v2016'],https://bitbucket.org/emea_cf/datalake-cleansing/src/master/datalake-cleansing-jobs/src/main/scala/com/goodyear/datalake/cleansing/legacy/jobs/external/vehicledata/carpark/tecalliance/year2016/CleansingTecAllianceCarPark2016Task.scala
192,datalake-cleansing,CleansingTecAllianceCarPark2017Task,['manual.tecAllianceCarPark.v2017'],['cleanLegacy.tecAllianceCarPark.v2017'],https://bitbucket.org/emea_cf/datalake-cleansing/src/master/datalake-cleansing-jobs/src/main/scala/com/goodyear/datalake/cleansing/legacy/jobs/external/vehicledata/carpark/tecalliance/year2017/CleansingTecAllianceCarPark2017Task.scala
193,datalake-cleansing,CleansingTecAllianceCarPark2018Task,['manual.tecAllianceCarPark.v2018'],['cleanLegacy.tecAllianceCarPark.v2018'],https://bitbucket.org/emea_cf/datalake-cleansing/src/master/datalake-cleansing-jobs/src/main/scala/com/goodyear/datalake/cleansing/legacy/jobs/external/vehicledata/carpark/tecalliance/year2018/CleansingTecAllianceCarPark2018Task.scala
194,datalake-cleansing,CleansingForecast2019Task,['manual.strimForecast.by2019'],"['cleanLegacy.strimForecast.by2019.link', 'cleanLegacy.strimForecast.by2019Rejected.link']",https://bitbucket.org/emea_cf/datalake-cleansing/src/master/datalake-cleansing-jobs/src/main/scala/com/goodyear/datalake/cleansing/legacy/jobs/external/vehicledata/strimforecast/CleansingForecast2019Task.scala
195,datalake-cleansing,CleansingForecast2020Task,['manual.strimForecast.by2020'],"['cleanLegacy.strimForecast.by2020.link', 'cleanLegacy.strimForecast.by2020Rejected.link']",https://bitbucket.org/emea_cf/datalake-cleansing/src/master/datalake-cleansing-jobs/src/main/scala/com/goodyear/datalake/cleansing/legacy/jobs/external/vehicledata/strimforecast/CleansingForecast2020Task.scala
196,datalake-cleansing,CleansingForecast2021Task,['manual.strimForecast.by2021'],"['cleanLegacy.strimForecast.by2021.link', 'cleanLegacy.strimForecast.by2021Rejected.link']",https://bitbucket.org/emea_cf/datalake-cleansing/src/master/datalake-cleansing-jobs/src/main/scala/com/goodyear/datalake/cleansing/legacy/jobs/external/vehicledata/strimforecast/CleansingForecast2021Task.scala
